userId,attractionId,rating,archetype,dataOrigin,generatorVersion,seed
synthetic-history-000,shigar-fort,5,history,semi_synthetic,1.0.0,20260810
synthetic-history-000,mall-road,2,history,semi_synthetic,1.0.0,20260810
synthetic-history-000,bala-hisar,5,history,semi_synthetic,1.0.0,20260810
synthetic-history-000,lahore-fort,4,history,semi_synthetic,1.0.0,20260810
synthetic-history-000,swat-museum,4,history,semi_synthetic,1.0.0,20260810
synthetic-history-000,badshahi-mosque,4,history,semi_synthetic,1.0.0,20260810
synthetic-history-000,baltit-fort,4,history,semi_synthetic,1.0.0,20260810
synthetic-history-000,patriata,2,history,semi_synthetic,1.0.0,20260810
synthetic-history-000,passu-cones,3,history,semi_synthetic,1.0.0,20260810
synthetic-history-000,anarkali-bazaar,4,history,semi_synthetic,1.0.0,20260810
synthetic-history-001,karimabad-bazaar,3,history,semi_synthetic,1.0.0,20260810
synthetic-history-001,margalla-hills,2,history,semi_synthetic,1.0.0,20260810
synthetic-history-001,anarkali-bazaar,3,history,semi_synthetic,1.0.0,20260810
synthetic-history-001,passu-cones,4,history,semi_synthetic,1.0.0,20260810
synthetic-history-001,altit-fort,4,history,semi_synthetic,1.0.0,20260810
synthetic-history-001,baltit-fort,4,history,semi_synthetic,1.0.0,20260810
synthetic-history-001,shalimar-gardens,3,history,semi_synthetic,1.0.0,20260810
synthetic-history-001,badshahi-mosque,5,history,semi_synthetic,1.0.0,20260810
synthetic-history-001,attabad-lake,3,history,semi_synthetic,1.0.0,20260810
synthetic-history-001,peshawar-museum,4,history,semi_synthetic,1.0.0,20260810
synthetic-history-002,rawal-lake,3,history,semi_synthetic,1.0.0,20260810
synthetic-history-002,clifton-beach,3,history,semi_synthetic,1.0.0,20260810
synthetic-history-002,passu-cones,3,history,semi_synthetic,1.0.0,20260810
synthetic-history-002,attabad-lake,2,history,semi_synthetic,1.0.0,20260810
synthetic-history-002,burns-road,4,history,semi_synthetic,1.0.0,20260810
synthetic-history-002,mohatta-palace,4,history,semi_synthetic,1.0.0,20260810
synthetic-history-002,faisal-mosque,5,history,semi_synthetic,1.0.0,20260810
synthetic-history-002,karimabad-bazaar,3,history,semi_synthetic,1.0.0,20260810
synthetic-history-002,bala-hisar,5,history,semi_synthetic,1.0.0,20260810
synthetic-history-002,patriata,3,history,semi_synthetic,1.0.0,20260810
synthetic-history-003,mohatta-palace,4,history,semi_synthetic,1.0.0,20260810
synthetic-history-003,satpara-lake,2,history,semi_synthetic,1.0.0,20260810
synthetic-history-003,anarkali-bazaar,3,history,semi_synthetic,1.0.0,20260810
synthetic-history-003,karimabad-bazaar,3,history,semi_synthetic,1.0.0,20260810
synthetic-history-003,faisal-mosque,5,history,semi_synthetic,1.0.0,20260810
synthetic-history-003,lahore-fort,4,history,semi_synthetic,1.0.0,20260810
synthetic-history-003,baltit-fort,4,history,semi_synthetic,1.0.0,20260810
synthetic-history-003,malam-jabba,3,history,semi_synthetic,1.0.0,20260810
synthetic-history-003,lok-virsa,4,history,semi_synthetic,1.0.0,20260810
synthetic-history-003,peshawar-museum,4,history,semi_synthetic,1.0.0,20260810
synthetic-history-004,peshawar-museum,5,history,semi_synthetic,1.0.0,20260810
synthetic-history-004,patriata,3,history,semi_synthetic,1.0.0,20260810
synthetic-history-004,lahore-fort,5,history,semi_synthetic,1.0.0,20260810
synthetic-history-004,altit-fort,4,history,semi_synthetic,1.0.0,20260810
synthetic-history-004,upper-kachura,3,history,semi_synthetic,1.0.0,20260810
synthetic-history-004,malam-jabba,3,history,semi_synthetic,1.0.0,20260810
synthetic-history-004,shalimar-gardens,4,history,semi_synthetic,1.0.0,20260810
synthetic-history-004,lahore-museum,4,history,semi_synthetic,1.0.0,20260810
synthetic-history-004,pakistan-monument,5,history,semi_synthetic,1.0.0,20260810
synthetic-history-004,rawal-lake,2,history,semi_synthetic,1.0.0,20260810
synthetic-history-005,clifton-beach,3,history,semi_synthetic,1.0.0,20260810
synthetic-history-005,altit-fort,5,history,semi_synthetic,1.0.0,20260810
synthetic-history-005,badshahi-mosque,4,history,semi_synthetic,1.0.0,20260810
synthetic-history-005,lok-virsa,5,history,semi_synthetic,1.0.0,20260810
synthetic-history-005,baltit-fort,5,history,semi_synthetic,1.0.0,20260810
synthetic-history-005,pakistan-monument,5,history,semi_synthetic,1.0.0,20260810
synthetic-history-005,lahore-fort,5,history,semi_synthetic,1.0.0,20260810
synthetic-history-005,bala-hisar,5,history,semi_synthetic,1.0.0,20260810
synthetic-history-005,rawal-lake,2,history,semi_synthetic,1.0.0,20260810
synthetic-history-005,shalimar-gardens,2,history,semi_synthetic,1.0.0,20260810
synthetic-history-006,shigar-fort,4,history,semi_synthetic,1.0.0,20260810
synthetic-history-006,pakistan-monument,4,history,semi_synthetic,1.0.0,20260810
synthetic-history-006,bala-hisar,5,history,semi_synthetic,1.0.0,20260810
synthetic-history-006,shalimar-gardens,3,history,semi_synthetic,1.0.0,20260810
synthetic-history-006,lok-virsa,4,history,semi_synthetic,1.0.0,20260810
synthetic-history-006,faisal-mosque,5,history,semi_synthetic,1.0.0,20260810
synthetic-history-006,malam-jabba,3,history,semi_synthetic,1.0.0,20260810
synthetic-history-006,swat-museum,3,history,semi_synthetic,1.0.0,20260810
synthetic-history-006,anarkali-bazaar,3,history,semi_synthetic,1.0.0,20260810
synthetic-history-006,rawal-lake,2,history,semi_synthetic,1.0.0,20260810
synthetic-history-007,altit-fort,5,history,semi_synthetic,1.0.0,20260810
synthetic-history-007,frere-hall,4,history,semi_synthetic,1.0.0,20260810
synthetic-history-007,passu-cones,3,history,semi_synthetic,1.0.0,20260810
synthetic-history-007,lahore-fort,5,history,semi_synthetic,1.0.0,20260810
synthetic-history-007,anarkali-bazaar,3,history,semi_synthetic,1.0.0,20260810
synthetic-history-007,badshahi-mosque,5,history,semi_synthetic,1.0.0,20260810
synthetic-history-007,lok-virsa,4,history,semi_synthetic,1.0.0,20260810
synthetic-history-007,patriata,3,history,semi_synthetic,1.0.0,20260810
synthetic-history-007,malam-jabba,3,history,semi_synthetic,1.0.0,20260810
synthetic-history-007,lahore-museum,4,history,semi_synthetic,1.0.0,20260810
synthetic-history-008,patriata,2,history,semi_synthetic,1.0.0,20260810
synthetic-history-008,mazar-e-quaid,5,history,semi_synthetic,1.0.0,20260810
synthetic-history-008,attabad-lake,2,history,semi_synthetic,1.0.0,20260810
synthetic-history-008,shigar-fort,4,history,semi_synthetic,1.0.0,20260810
synthetic-history-008,baltit-fort,4,history,semi_synthetic,1.0.0,20260810
synthetic-history-008,margalla-hills,3,history,semi_synthetic,1.0.0,20260810
synthetic-history-008,malam-jabba,3,history,semi_synthetic,1.0.0,20260810
synthetic-history-008,burns-road,3,history,semi_synthetic,1.0.0,20260810
synthetic-history-008,anarkali-bazaar,3,history,semi_synthetic,1.0.0,20260810
synthetic-history-008,lok-virsa,3,history,semi_synthetic,1.0.0,20260810
synthetic-history-009,mohatta-palace,3,history,semi_synthetic,1.0.0,20260810
synthetic-history-009,cold-desert,3,history,semi_synthetic,1.0.0,20260810
synthetic-history-009,faisal-mosque,5,history,semi_synthetic,1.0.0,20260810
synthetic-history-009,patriata,3,history,semi_synthetic,1.0.0,20260810
synthetic-history-009,satpara-lake,3,history,semi_synthetic,1.0.0,20260810
synthetic-history-009,bala-hisar,5,history,semi_synthetic,1.0.0,20260810
synthetic-history-009,lok-virsa,4,history,semi_synthetic,1.0.0,20260810
synthetic-history-009,malam-jabba,3,history,semi_synthetic,1.0.0,20260810
synthetic-history-009,burns-road,3,history,semi_synthetic,1.0.0,20260810
synthetic-history-009,karimabad-bazaar,3,history,semi_synthetic,1.0.0,20260810
synthetic-history-010,anarkali-bazaar,3,history,semi_synthetic,1.0.0,20260810
synthetic-history-010,peshawar-museum,4,history,semi_synthetic,1.0.0,20260810
synthetic-history-010,margalla-hills,2,history,semi_synthetic,1.0.0,20260810
synthetic-history-010,lok-virsa,5,history,semi_synthetic,1.0.0,20260810
synthetic-history-010,mazar-e-quaid,5,history,semi_synthetic,1.0.0,20260810
synthetic-history-010,mall-road,3,history,semi_synthetic,1.0.0,20260810
synthetic-history-010,clifton-beach,2,history,semi_synthetic,1.0.0,20260810
synthetic-history-010,frere-hall,5,history,semi_synthetic,1.0.0,20260810
synthetic-history-010,burns-road,3,history,semi_synthetic,1.0.0,20260810
synthetic-history-010,lahore-museum,3,history,semi_synthetic,1.0.0,20260810
synthetic-history-011,peshawar-museum,4,history,semi_synthetic,1.0.0,20260810
synthetic-history-011,clifton-beach,4,history,semi_synthetic,1.0.0,20260810
synthetic-history-011,frere-hall,4,history,semi_synthetic,1.0.0,20260810
synthetic-history-011,altit-fort,5,history,semi_synthetic,1.0.0,20260810
synthetic-history-011,shalimar-gardens,2,history,semi_synthetic,1.0.0,20260810
synthetic-history-011,lahore-fort,4,history,semi_synthetic,1.0.0,20260810
synthetic-history-011,swat-museum,4,history,semi_synthetic,1.0.0,20260810
synthetic-history-011,shigar-fort,4,history,semi_synthetic,1.0.0,20260810
synthetic-history-011,bala-hisar,4,history,semi_synthetic,1.0.0,20260810
synthetic-history-011,upper-kachura,3,history,semi_synthetic,1.0.0,20260810
synthetic-history-012,mall-road,3,history,semi_synthetic,1.0.0,20260810
synthetic-history-012,frere-hall,5,history,semi_synthetic,1.0.0,20260810
synthetic-history-012,satpara-lake,3,history,semi_synthetic,1.0.0,20260810
synthetic-history-012,attabad-lake,2,history,semi_synthetic,1.0.0,20260810
synthetic-history-012,peshawar-museum,4,history,semi_synthetic,1.0.0,20260810
synthetic-history-012,passu-cones,3,history,semi_synthetic,1.0.0,20260810
synthetic-history-012,baltit-fort,5,history,semi_synthetic,1.0.0,20260810
synthetic-history-012,burns-road,3,history,semi_synthetic,1.0.0,20260810
synthetic-history-012,mazar-e-quaid,4,history,semi_synthetic,1.0.0,20260810
synthetic-history-012,rawal-lake,4,history,semi_synthetic,1.0.0,20260810
synthetic-history-013,anarkali-bazaar,3,history,semi_synthetic,1.0.0,20260810
synthetic-history-013,patriata,3,history,semi_synthetic,1.0.0,20260810
synthetic-history-013,mazar-e-quaid,5,history,semi_synthetic,1.0.0,20260810
synthetic-history-013,lahore-museum,3,history,semi_synthetic,1.0.0,20260810
synthetic-history-013,altit-fort,5,history,semi_synthetic,1.0.0,20260810
synthetic-history-013,bala-hisar,5,history,semi_synthetic,1.0.0,20260810
synthetic-history-013,swat-museum,3,history,semi_synthetic,1.0.0,20260810
synthetic-history-013,karimabad-bazaar,3,history,semi_synthetic,1.0.0,20260810
synthetic-history-013,peshawar-museum,4,history,semi_synthetic,1.0.0,20260810
synthetic-history-013,mall-road,3,history,semi_synthetic,1.0.0,20260810
synthetic-history-014,anarkali-bazaar,3,history,semi_synthetic,1.0.0,20260810
synthetic-history-014,swat-museum,3,history,semi_synthetic,1.0.0,20260810
synthetic-history-014,attabad-lake,2,history,semi_synthetic,1.0.0,20260810
synthetic-history-014,bala-hisar,4,history,semi_synthetic,1.0.0,20260810
synthetic-history-014,mazar-e-quaid,5,history,semi_synthetic,1.0.0,20260810
synthetic-history-014,margalla-hills,3,history,semi_synthetic,1.0.0,20260810
synthetic-history-014,baltit-fort,5,history,semi_synthetic,1.0.0,20260810
synthetic-history-014,altit-fort,5,history,semi_synthetic,1.0.0,20260810
synthetic-history-014,cold-desert,3,history,semi_synthetic,1.0.0,20260810
synthetic-history-014,upper-kachura,2,history,semi_synthetic,1.0.0,20260810
synthetic-history-015,attabad-lake,2,history,semi_synthetic,1.0.0,20260810
synthetic-history-015,baltit-fort,5,history,semi_synthetic,1.0.0,20260810
synthetic-history-015,passu-cones,2,history,semi_synthetic,1.0.0,20260810
synthetic-history-015,cold-desert,2,history,semi_synthetic,1.0.0,20260810
synthetic-history-015,swat-museum,4,history,semi_synthetic,1.0.0,20260810
synthetic-history-015,rawal-lake,3,history,semi_synthetic,1.0.0,20260810
synthetic-history-015,karimabad-bazaar,3,history,semi_synthetic,1.0.0,20260810
synthetic-history-015,mazar-e-quaid,4,history,semi_synthetic,1.0.0,20260810
synthetic-history-015,anarkali-bazaar,2,history,semi_synthetic,1.0.0,20260810
synthetic-history-015,lok-virsa,4,history,semi_synthetic,1.0.0,20260810
synthetic-history-016,burns-road,4,history,semi_synthetic,1.0.0,20260810
synthetic-history-016,karimabad-bazaar,2,history,semi_synthetic,1.0.0,20260810
synthetic-history-016,attabad-lake,2,history,semi_synthetic,1.0.0,20260810
synthetic-history-016,cold-desert,3,history,semi_synthetic,1.0.0,20260810
synthetic-history-016,lok-virsa,4,history,semi_synthetic,1.0.0,20260810
synthetic-history-016,shalimar-gardens,3,history,semi_synthetic,1.0.0,20260810
synthetic-history-016,baltit-fort,4,history,semi_synthetic,1.0.0,20260810
synthetic-history-016,upper-kachura,3,history,semi_synthetic,1.0.0,20260810
synthetic-history-016,satpara-lake,2,history,semi_synthetic,1.0.0,20260810
synthetic-history-016,mall-road,3,history,semi_synthetic,1.0.0,20260810
synthetic-history-017,burns-road,3,history,semi_synthetic,1.0.0,20260810
synthetic-history-017,swat-museum,4,history,semi_synthetic,1.0.0,20260810
synthetic-history-017,bala-hisar,4,history,semi_synthetic,1.0.0,20260810
synthetic-history-017,margalla-hills,3,history,semi_synthetic,1.0.0,20260810
synthetic-history-017,lok-virsa,5,history,semi_synthetic,1.0.0,20260810
synthetic-history-017,passu-cones,3,history,semi_synthetic,1.0.0,20260810
synthetic-history-017,satpara-lake,2,history,semi_synthetic,1.0.0,20260810
synthetic-history-017,clifton-beach,3,history,semi_synthetic,1.0.0,20260810
synthetic-history-017,malam-jabba,3,history,semi_synthetic,1.0.0,20260810
synthetic-history-017,upper-kachura,3,history,semi_synthetic,1.0.0,20260810
synthetic-history-018,clifton-beach,3,history,semi_synthetic,1.0.0,20260810
synthetic-history-018,shalimar-gardens,2,history,semi_synthetic,1.0.0,20260810
synthetic-history-018,pakistan-monument,4,history,semi_synthetic,1.0.0,20260810
synthetic-history-018,upper-kachura,3,history,semi_synthetic,1.0.0,20260810
synthetic-history-018,frere-hall,4,history,semi_synthetic,1.0.0,20260810
synthetic-history-018,swat-museum,5,history,semi_synthetic,1.0.0,20260810
synthetic-history-018,attabad-lake,2,history,semi_synthetic,1.0.0,20260810
synthetic-history-018,bala-hisar,4,history,semi_synthetic,1.0.0,20260810
synthetic-history-018,karimabad-bazaar,2,history,semi_synthetic,1.0.0,20260810
synthetic-history-018,rawal-lake,2,history,semi_synthetic,1.0.0,20260810
synthetic-history-019,burns-road,4,history,semi_synthetic,1.0.0,20260810
synthetic-history-019,patriata,3,history,semi_synthetic,1.0.0,20260810
synthetic-history-019,shigar-fort,4,history,semi_synthetic,1.0.0,20260810
synthetic-history-019,shalimar-gardens,3,history,semi_synthetic,1.0.0,20260810
synthetic-history-019,margalla-hills,3,history,semi_synthetic,1.0.0,20260810
synthetic-history-019,passu-cones,2,history,semi_synthetic,1.0.0,20260810
synthetic-history-019,lahore-fort,5,history,semi_synthetic,1.0.0,20260810
synthetic-history-019,satpara-lake,2,history,semi_synthetic,1.0.0,20260810
synthetic-history-019,upper-kachura,2,history,semi_synthetic,1.0.0,20260810
synthetic-history-019,altit-fort,4,history,semi_synthetic,1.0.0,20260810
synthetic-history-020,mazar-e-quaid,4,history,semi_synthetic,1.0.0,20260810
synthetic-history-020,clifton-beach,3,history,semi_synthetic,1.0.0,20260810
synthetic-history-020,patriata,3,history,semi_synthetic,1.0.0,20260810
synthetic-history-020,upper-kachura,4,history,semi_synthetic,1.0.0,20260810
synthetic-history-020,rawal-lake,3,history,semi_synthetic,1.0.0,20260810
synthetic-history-020,frere-hall,5,history,semi_synthetic,1.0.0,20260810
synthetic-history-020,karimabad-bazaar,2,history,semi_synthetic,1.0.0,20260810
synthetic-history-020,lahore-fort,5,history,semi_synthetic,1.0.0,20260810
synthetic-history-020,mohatta-palace,4,history,semi_synthetic,1.0.0,20260810
synthetic-history-020,attabad-lake,2,history,semi_synthetic,1.0.0,20260810
synthetic-history-021,burns-road,3,history,semi_synthetic,1.0.0,20260810
synthetic-history-021,upper-kachura,3,history,semi_synthetic,1.0.0,20260810
synthetic-history-021,shalimar-gardens,2,history,semi_synthetic,1.0.0,20260810
synthetic-history-021,karimabad-bazaar,3,history,semi_synthetic,1.0.0,20260810
synthetic-history-021,shigar-fort,5,history,semi_synthetic,1.0.0,20260810
synthetic-history-021,malam-jabba,2,history,semi_synthetic,1.0.0,20260810
synthetic-history-021,badshahi-mosque,4,history,semi_synthetic,1.0.0,20260810
synthetic-history-021,mohatta-palace,3,history,semi_synthetic,1.0.0,20260810
synthetic-history-021,anarkali-bazaar,2,history,semi_synthetic,1.0.0,20260810
synthetic-history-021,mall-road,3,history,semi_synthetic,1.0.0,20260810
synthetic-history-022,patriata,3,history,semi_synthetic,1.0.0,20260810
synthetic-history-022,pakistan-monument,4,history,semi_synthetic,1.0.0,20260810
synthetic-history-022,cold-desert,3,history,semi_synthetic,1.0.0,20260810
synthetic-history-022,mazar-e-quaid,5,history,semi_synthetic,1.0.0,20260810
synthetic-history-022,frere-hall,4,history,semi_synthetic,1.0.0,20260810
synthetic-history-022,margalla-hills,3,history,semi_synthetic,1.0.0,20260810
synthetic-history-022,burns-road,3,history,semi_synthetic,1.0.0,20260810
synthetic-history-022,altit-fort,5,history,semi_synthetic,1.0.0,20260810
synthetic-history-022,shigar-fort,4,history,semi_synthetic,1.0.0,20260810
synthetic-history-022,lahore-fort,5,history,semi_synthetic,1.0.0,20260810
synthetic-history-023,mall-road,2,history,semi_synthetic,1.0.0,20260810
synthetic-history-023,bala-hisar,5,history,semi_synthetic,1.0.0,20260810
synthetic-history-023,badshahi-mosque,4,history,semi_synthetic,1.0.0,20260810
synthetic-history-023,satpara-lake,3,history,semi_synthetic,1.0.0,20260810
synthetic-history-023,pakistan-monument,5,history,semi_synthetic,1.0.0,20260810
synthetic-history-023,frere-hall,4,history,semi_synthetic,1.0.0,20260810
synthetic-history-023,shalimar-gardens,3,history,semi_synthetic,1.0.0,20260810
synthetic-history-023,mohatta-palace,3,history,semi_synthetic,1.0.0,20260810
synthetic-history-023,lok-virsa,5,history,semi_synthetic,1.0.0,20260810
synthetic-history-023,shigar-fort,5,history,semi_synthetic,1.0.0,20260810
synthetic-history-024,attabad-lake,3,history,semi_synthetic,1.0.0,20260810
synthetic-history-024,peshawar-museum,4,history,semi_synthetic,1.0.0,20260810
synthetic-history-024,lahore-fort,5,history,semi_synthetic,1.0.0,20260810
synthetic-history-024,clifton-beach,3,history,semi_synthetic,1.0.0,20260810
synthetic-history-024,shigar-fort,4,history,semi_synthetic,1.0.0,20260810
synthetic-history-024,rawal-lake,3,history,semi_synthetic,1.0.0,20260810
synthetic-history-024,passu-cones,3,history,semi_synthetic,1.0.0,20260810
synthetic-history-024,badshahi-mosque,4,history,semi_synthetic,1.0.0,20260810
synthetic-history-024,malam-jabba,3,history,semi_synthetic,1.0.0,20260810
synthetic-history-024,lok-virsa,4,history,semi_synthetic,1.0.0,20260810
synthetic-history-025,upper-kachura,2,history,semi_synthetic,1.0.0,20260810
synthetic-history-025,anarkali-bazaar,3,history,semi_synthetic,1.0.0,20260810
synthetic-history-025,faisal-mosque,5,history,semi_synthetic,1.0.0,20260810
synthetic-history-025,malam-jabba,2,history,semi_synthetic,1.0.0,20260810
synthetic-history-025,shigar-fort,5,history,semi_synthetic,1.0.0,20260810
synthetic-history-025,bala-hisar,5,history,semi_synthetic,1.0.0,20260810
synthetic-history-025,mall-road,2,history,semi_synthetic,1.0.0,20260810
synthetic-history-025,shalimar-gardens,3,history,semi_synthetic,1.0.0,20260810
synthetic-history-025,frere-hall,5,history,semi_synthetic,1.0.0,20260810
synthetic-history-025,swat-museum,5,history,semi_synthetic,1.0.0,20260810
synthetic-history-026,passu-cones,3,history,semi_synthetic,1.0.0,20260810
synthetic-history-026,satpara-lake,2,history,semi_synthetic,1.0.0,20260810
synthetic-history-026,clifton-beach,3,history,semi_synthetic,1.0.0,20260810
synthetic-history-026,cold-desert,4,history,semi_synthetic,1.0.0,20260810
synthetic-history-026,bala-hisar,4,history,semi_synthetic,1.0.0,20260810
synthetic-history-026,badshahi-mosque,5,history,semi_synthetic,1.0.0,20260810
synthetic-history-026,attabad-lake,3,history,semi_synthetic,1.0.0,20260810
synthetic-history-026,margalla-hills,3,history,semi_synthetic,1.0.0,20260810
synthetic-history-026,lahore-fort,5,history,semi_synthetic,1.0.0,20260810
synthetic-history-026,anarkali-bazaar,3,history,semi_synthetic,1.0.0,20260810
synthetic-history-027,mall-road,3,history,semi_synthetic,1.0.0,20260810
synthetic-history-027,mohatta-palace,4,history,semi_synthetic,1.0.0,20260810
synthetic-history-027,margalla-hills,1,history,semi_synthetic,1.0.0,20260810
synthetic-history-027,mazar-e-quaid,4,history,semi_synthetic,1.0.0,20260810
synthetic-history-027,peshawar-museum,4,history,semi_synthetic,1.0.0,20260810
synthetic-history-027,passu-cones,2,history,semi_synthetic,1.0.0,20260810
synthetic-history-027,swat-museum,4,history,semi_synthetic,1.0.0,20260810
synthetic-history-027,shalimar-gardens,3,history,semi_synthetic,1.0.0,20260810
synthetic-history-027,badshahi-mosque,4,history,semi_synthetic,1.0.0,20260810
synthetic-history-027,clifton-beach,3,history,semi_synthetic,1.0.0,20260810
synthetic-history-028,rawal-lake,2,history,semi_synthetic,1.0.0,20260810
synthetic-history-028,lahore-fort,4,history,semi_synthetic,1.0.0,20260810
synthetic-history-028,patriata,3,history,semi_synthetic,1.0.0,20260810
synthetic-history-028,lok-virsa,4,history,semi_synthetic,1.0.0,20260810
synthetic-history-028,satpara-lake,3,history,semi_synthetic,1.0.0,20260810
synthetic-history-028,pakistan-monument,4,history,semi_synthetic,1.0.0,20260810
synthetic-history-028,anarkali-bazaar,2,history,semi_synthetic,1.0.0,20260810
synthetic-history-028,baltit-fort,5,history,semi_synthetic,1.0.0,20260810
synthetic-history-028,altit-fort,5,history,semi_synthetic,1.0.0,20260810
synthetic-history-028,bala-hisar,4,history,semi_synthetic,1.0.0,20260810
synthetic-history-029,margalla-hills,4,history,semi_synthetic,1.0.0,20260810
synthetic-history-029,attabad-lake,3,history,semi_synthetic,1.0.0,20260810
synthetic-history-029,clifton-beach,3,history,semi_synthetic,1.0.0,20260810
synthetic-history-029,malam-jabba,3,history,semi_synthetic,1.0.0,20260810
synthetic-history-029,shalimar-gardens,3,history,semi_synthetic,1.0.0,20260810
synthetic-history-029,baltit-fort,4,history,semi_synthetic,1.0.0,20260810
synthetic-history-029,mazar-e-quaid,5,history,semi_synthetic,1.0.0,20260810
synthetic-history-029,satpara-lake,3,history,semi_synthetic,1.0.0,20260810
synthetic-history-029,karimabad-bazaar,3,history,semi_synthetic,1.0.0,20260810
synthetic-history-029,burns-road,3,history,semi_synthetic,1.0.0,20260810
synthetic-history-030,mohatta-palace,4,history,semi_synthetic,1.0.0,20260810
synthetic-history-030,bala-hisar,4,history,semi_synthetic,1.0.0,20260810
synthetic-history-030,rawal-lake,3,history,semi_synthetic,1.0.0,20260810
synthetic-history-030,peshawar-museum,4,history,semi_synthetic,1.0.0,20260810
synthetic-history-030,attabad-lake,3,history,semi_synthetic,1.0.0,20260810
synthetic-history-030,shalimar-gardens,2,history,semi_synthetic,1.0.0,20260810
synthetic-history-030,satpara-lake,3,history,semi_synthetic,1.0.0,20260810
synthetic-history-030,anarkali-bazaar,3,history,semi_synthetic,1.0.0,20260810
synthetic-history-030,shigar-fort,5,history,semi_synthetic,1.0.0,20260810
synthetic-history-030,frere-hall,5,history,semi_synthetic,1.0.0,20260810
synthetic-history-031,passu-cones,3,history,semi_synthetic,1.0.0,20260810
synthetic-history-031,faisal-mosque,5,history,semi_synthetic,1.0.0,20260810
synthetic-history-031,lahore-museum,5,history,semi_synthetic,1.0.0,20260810
synthetic-history-031,upper-kachura,3,history,semi_synthetic,1.0.0,20260810
synthetic-history-031,shalimar-gardens,3,history,semi_synthetic,1.0.0,20260810
synthetic-history-031,badshahi-mosque,5,history,semi_synthetic,1.0.0,20260810
synthetic-history-031,lahore-fort,5,history,semi_synthetic,1.0.0,20260810
synthetic-history-031,shigar-fort,4,history,semi_synthetic,1.0.0,20260810
synthetic-history-031,anarkali-bazaar,3,history,semi_synthetic,1.0.0,20260810
synthetic-history-031,burns-road,3,history,semi_synthetic,1.0.0,20260810
synthetic-history-032,badshahi-mosque,5,history,semi_synthetic,1.0.0,20260810
synthetic-history-032,patriata,2,history,semi_synthetic,1.0.0,20260810
synthetic-history-032,clifton-beach,3,history,semi_synthetic,1.0.0,20260810
synthetic-history-032,rawal-lake,2,history,semi_synthetic,1.0.0,20260810
synthetic-history-032,mazar-e-quaid,4,history,semi_synthetic,1.0.0,20260810
synthetic-history-032,anarkali-bazaar,2,history,semi_synthetic,1.0.0,20260810
synthetic-history-032,karimabad-bazaar,3,history,semi_synthetic,1.0.0,20260810
synthetic-history-032,lahore-fort,5,history,semi_synthetic,1.0.0,20260810
synthetic-history-032,attabad-lake,4,history,semi_synthetic,1.0.0,20260810
synthetic-history-032,lok-virsa,3,history,semi_synthetic,1.0.0,20260810
synthetic-history-033,lok-virsa,4,history,semi_synthetic,1.0.0,20260810
synthetic-history-033,lahore-museum,4,history,semi_synthetic,1.0.0,20260810
synthetic-history-033,peshawar-museum,4,history,semi_synthetic,1.0.0,20260810
synthetic-history-033,altit-fort,5,history,semi_synthetic,1.0.0,20260810
synthetic-history-033,clifton-beach,3,history,semi_synthetic,1.0.0,20260810
synthetic-history-033,baltit-fort,4,history,semi_synthetic,1.0.0,20260810
synthetic-history-033,margalla-hills,3,history,semi_synthetic,1.0.0,20260810
synthetic-history-033,shigar-fort,4,history,semi_synthetic,1.0.0,20260810
synthetic-history-033,mohatta-palace,4,history,semi_synthetic,1.0.0,20260810
synthetic-history-033,pakistan-monument,4,history,semi_synthetic,1.0.0,20260810
synthetic-history-034,peshawar-museum,4,history,semi_synthetic,1.0.0,20260810
synthetic-history-034,bala-hisar,4,history,semi_synthetic,1.0.0,20260810
synthetic-history-034,upper-kachura,3,history,semi_synthetic,1.0.0,20260810
synthetic-history-034,mall-road,3,history,semi_synthetic,1.0.0,20260810
synthetic-history-034,shigar-fort,5,history,semi_synthetic,1.0.0,20260810
synthetic-history-034,malam-jabba,3,history,semi_synthetic,1.0.0,20260810
synthetic-history-034,baltit-fort,4,history,semi_synthetic,1.0.0,20260810
synthetic-history-034,passu-cones,2,history,semi_synthetic,1.0.0,20260810
synthetic-history-034,badshahi-mosque,5,history,semi_synthetic,1.0.0,20260810
synthetic-history-034,margalla-hills,2,history,semi_synthetic,1.0.0,20260810
synthetic-history-035,frere-hall,5,history,semi_synthetic,1.0.0,20260810
synthetic-history-035,mazar-e-quaid,4,history,semi_synthetic,1.0.0,20260810
synthetic-history-035,karimabad-bazaar,3,history,semi_synthetic,1.0.0,20260810
synthetic-history-035,lok-virsa,5,history,semi_synthetic,1.0.0,20260810
synthetic-history-035,attabad-lake,3,history,semi_synthetic,1.0.0,20260810
synthetic-history-035,baltit-fort,5,history,semi_synthetic,1.0.0,20260810
synthetic-history-035,faisal-mosque,5,history,semi_synthetic,1.0.0,20260810
synthetic-history-035,altit-fort,4,history,semi_synthetic,1.0.0,20260810
synthetic-history-035,anarkali-bazaar,3,history,semi_synthetic,1.0.0,20260810
synthetic-history-035,patriata,2,history,semi_synthetic,1.0.0,20260810
synthetic-history-036,attabad-lake,2,history,semi_synthetic,1.0.0,20260810
synthetic-history-036,shigar-fort,4,history,semi_synthetic,1.0.0,20260810
synthetic-history-036,satpara-lake,3,history,semi_synthetic,1.0.0,20260810
synthetic-history-036,lok-virsa,3,history,semi_synthetic,1.0.0,20260810
synthetic-history-036,malam-jabba,3,history,semi_synthetic,1.0.0,20260810
synthetic-history-036,margalla-hills,3,history,semi_synthetic,1.0.0,20260810
synthetic-history-036,swat-museum,4,history,semi_synthetic,1.0.0,20260810
synthetic-history-036,baltit-fort,4,history,semi_synthetic,1.0.0,20260810
synthetic-history-036,lahore-fort,4,history,semi_synthetic,1.0.0,20260810
synthetic-history-036,peshawar-museum,4,history,semi_synthetic,1.0.0,20260810
synthetic-history-037,shigar-fort,4,history,semi_synthetic,1.0.0,20260810
synthetic-history-037,upper-kachura,3,history,semi_synthetic,1.0.0,20260810
synthetic-history-037,swat-museum,4,history,semi_synthetic,1.0.0,20260810
synthetic-history-037,altit-fort,5,history,semi_synthetic,1.0.0,20260810
synthetic-history-037,clifton-beach,2,history,semi_synthetic,1.0.0,20260810
synthetic-history-037,margalla-hills,3,history,semi_synthetic,1.0.0,20260810
synthetic-history-037,lok-virsa,3,history,semi_synthetic,1.0.0,20260810
synthetic-history-037,burns-road,3,history,semi_synthetic,1.0.0,20260810
synthetic-history-037,pakistan-monument,4,history,semi_synthetic,1.0.0,20260810
synthetic-history-037,shalimar-gardens,2,history,semi_synthetic,1.0.0,20260810
synthetic-history-038,cold-desert,3,history,semi_synthetic,1.0.0,20260810
synthetic-history-038,altit-fort,4,history,semi_synthetic,1.0.0,20260810
synthetic-history-038,karimabad-bazaar,3,history,semi_synthetic,1.0.0,20260810
synthetic-history-038,pakistan-monument,5,history,semi_synthetic,1.0.0,20260810
synthetic-history-038,lahore-fort,4,history,semi_synthetic,1.0.0,20260810
synthetic-history-038,shigar-fort,4,history,semi_synthetic,1.0.0,20260810
synthetic-history-038,patriata,4,history,semi_synthetic,1.0.0,20260810
synthetic-history-038,upper-kachura,2,history,semi_synthetic,1.0.0,20260810
synthetic-history-038,mazar-e-quaid,5,history,semi_synthetic,1.0.0,20260810
synthetic-history-038,faisal-mosque,5,history,semi_synthetic,1.0.0,20260810
synthetic-history-039,satpara-lake,2,history,semi_synthetic,1.0.0,20260810
synthetic-history-039,clifton-beach,3,history,semi_synthetic,1.0.0,20260810
synthetic-history-039,malam-jabba,3,history,semi_synthetic,1.0.0,20260810
synthetic-history-039,rawal-lake,3,history,semi_synthetic,1.0.0,20260810
synthetic-history-039,shigar-fort,4,history,semi_synthetic,1.0.0,20260810
synthetic-history-039,anarkali-bazaar,3,history,semi_synthetic,1.0.0,20260810
synthetic-history-039,pakistan-monument,4,history,semi_synthetic,1.0.0,20260810
synthetic-history-039,mall-road,3,history,semi_synthetic,1.0.0,20260810
synthetic-history-039,margalla-hills,3,history,semi_synthetic,1.0.0,20260810
synthetic-history-039,lahore-museum,3,history,semi_synthetic,1.0.0,20260810
synthetic-nature-000,shigar-fort,3,nature,semi_synthetic,1.0.0,20260810
synthetic-nature-000,mall-road,3,nature,semi_synthetic,1.0.0,20260810
synthetic-nature-000,bala-hisar,4,nature,semi_synthetic,1.0.0,20260810
synthetic-nature-000,lahore-fort,2,nature,semi_synthetic,1.0.0,20260810
synthetic-nature-000,swat-museum,2,nature,semi_synthetic,1.0.0,20260810
synthetic-nature-000,badshahi-mosque,2,nature,semi_synthetic,1.0.0,20260810
synthetic-nature-000,baltit-fort,3,nature,semi_synthetic,1.0.0,20260810
synthetic-nature-000,patriata,5,nature,semi_synthetic,1.0.0,20260810
synthetic-nature-000,passu-cones,3,nature,semi_synthetic,1.0.0,20260810
synthetic-nature-000,anarkali-bazaar,3,nature,semi_synthetic,1.0.0,20260810
synthetic-nature-001,karimabad-bazaar,3,nature,semi_synthetic,1.0.0,20260810
synthetic-nature-001,margalla-hills,5,nature,semi_synthetic,1.0.0,20260810
synthetic-nature-001,anarkali-bazaar,3,nature,semi_synthetic,1.0.0,20260810
synthetic-nature-001,passu-cones,4,nature,semi_synthetic,1.0.0,20260810
synthetic-nature-001,altit-fort,2,nature,semi_synthetic,1.0.0,20260810
synthetic-nature-001,baltit-fort,3,nature,semi_synthetic,1.0.0,20260810
synthetic-nature-001,shalimar-gardens,5,nature,semi_synthetic,1.0.0,20260810
synthetic-nature-001,badshahi-mosque,3,nature,semi_synthetic,1.0.0,20260810
synthetic-nature-001,attabad-lake,5,nature,semi_synthetic,1.0.0,20260810
synthetic-nature-001,peshawar-museum,3,nature,semi_synthetic,1.0.0,20260810
synthetic-nature-002,rawal-lake,4,nature,semi_synthetic,1.0.0,20260810
synthetic-nature-002,clifton-beach,5,nature,semi_synthetic,1.0.0,20260810
synthetic-nature-002,passu-cones,3,nature,semi_synthetic,1.0.0,20260810
synthetic-nature-002,attabad-lake,5,nature,semi_synthetic,1.0.0,20260810
synthetic-nature-002,burns-road,3,nature,semi_synthetic,1.0.0,20260810
synthetic-nature-002,mohatta-palace,2,nature,semi_synthetic,1.0.0,20260810
synthetic-nature-002,faisal-mosque,2,nature,semi_synthetic,1.0.0,20260810
synthetic-nature-002,karimabad-bazaar,2,nature,semi_synthetic,1.0.0,20260810
synthetic-nature-002,bala-hisar,3,nature,semi_synthetic,1.0.0,20260810
synthetic-nature-002,patriata,5,nature,semi_synthetic,1.0.0,20260810
synthetic-nature-003,mohatta-palace,3,nature,semi_synthetic,1.0.0,20260810
synthetic-nature-003,satpara-lake,5,nature,semi_synthetic,1.0.0,20260810
synthetic-nature-003,anarkali-bazaar,2,nature,semi_synthetic,1.0.0,20260810
synthetic-nature-003,karimabad-bazaar,3,nature,semi_synthetic,1.0.0,20260810
synthetic-nature-003,faisal-mosque,3,nature,semi_synthetic,1.0.0,20260810
synthetic-nature-003,lahore-fort,2,nature,semi_synthetic,1.0.0,20260810
synthetic-nature-003,baltit-fort,2,nature,semi_synthetic,1.0.0,20260810
synthetic-nature-003,malam-jabba,3,nature,semi_synthetic,1.0.0,20260810
synthetic-nature-003,lok-virsa,3,nature,semi_synthetic,1.0.0,20260810
synthetic-nature-003,peshawar-museum,3,nature,semi_synthetic,1.0.0,20260810
synthetic-nature-004,peshawar-museum,3,nature,semi_synthetic,1.0.0,20260810
synthetic-nature-004,patriata,4,nature,semi_synthetic,1.0.0,20260810
synthetic-nature-004,lahore-fort,3,nature,semi_synthetic,1.0.0,20260810
synthetic-nature-004,altit-fort,4,nature,semi_synthetic,1.0.0,20260810
synthetic-nature-004,upper-kachura,4,nature,semi_synthetic,1.0.0,20260810
synthetic-nature-004,malam-jabba,4,nature,semi_synthetic,1.0.0,20260810
synthetic-nature-004,shalimar-gardens,5,nature,semi_synthetic,1.0.0,20260810
synthetic-nature-004,lahore-museum,3,nature,semi_synthetic,1.0.0,20260810
synthetic-nature-004,pakistan-monument,3,nature,semi_synthetic,1.0.0,20260810
synthetic-nature-004,rawal-lake,5,nature,semi_synthetic,1.0.0,20260810
synthetic-nature-005,clifton-beach,5,nature,semi_synthetic,1.0.0,20260810
synthetic-nature-005,altit-fort,3,nature,semi_synthetic,1.0.0,20260810
synthetic-nature-005,badshahi-mosque,3,nature,semi_synthetic,1.0.0,20260810
synthetic-nature-005,lok-virsa,3,nature,semi_synthetic,1.0.0,20260810
synthetic-nature-005,baltit-fort,2,nature,semi_synthetic,1.0.0,20260810
synthetic-nature-005,pakistan-monument,3,nature,semi_synthetic,1.0.0,20260810
synthetic-nature-005,lahore-fort,3,nature,semi_synthetic,1.0.0,20260810
synthetic-nature-005,bala-hisar,2,nature,semi_synthetic,1.0.0,20260810
synthetic-nature-005,rawal-lake,5,nature,semi_synthetic,1.0.0,20260810
synthetic-nature-005,shalimar-gardens,4,nature,semi_synthetic,1.0.0,20260810
synthetic-nature-006,shigar-fort,2,nature,semi_synthetic,1.0.0,20260810
synthetic-nature-006,pakistan-monument,4,nature,semi_synthetic,1.0.0,20260810
synthetic-nature-006,bala-hisar,2,nature,semi_synthetic,1.0.0,20260810
synthetic-nature-006,shalimar-gardens,5,nature,semi_synthetic,1.0.0,20260810
synthetic-nature-006,lok-virsa,3,nature,semi_synthetic,1.0.0,20260810
synthetic-nature-006,faisal-mosque,2,nature,semi_synthetic,1.0.0,20260810
synthetic-nature-006,malam-jabba,4,nature,semi_synthetic,1.0.0,20260810
synthetic-nature-006,swat-museum,3,nature,semi_synthetic,1.0.0,20260810
synthetic-nature-006,anarkali-bazaar,2,nature,semi_synthetic,1.0.0,20260810
synthetic-nature-006,rawal-lake,5,nature,semi_synthetic,1.0.0,20260810
synthetic-nature-007,altit-fort,3,nature,semi_synthetic,1.0.0,20260810
synthetic-nature-007,frere-hall,3,nature,semi_synthetic,1.0.0,20260810
synthetic-nature-007,passu-cones,4,nature,semi_synthetic,1.0.0,20260810
synthetic-nature-007,lahore-fort,2,nature,semi_synthetic,1.0.0,20260810
synthetic-nature-007,anarkali-bazaar,3,nature,semi_synthetic,1.0.0,20260810
synthetic-nature-007,badshahi-mosque,3,nature,semi_synthetic,1.0.0,20260810
synthetic-nature-007,lok-virsa,3,nature,semi_synthetic,1.0.0,20260810
synthetic-nature-007,patriata,4,nature,semi_synthetic,1.0.0,20260810
synthetic-nature-007,malam-jabba,4,nature,semi_synthetic,1.0.0,20260810
synthetic-nature-007,lahore-museum,3,nature,semi_synthetic,1.0.0,20260810
synthetic-nature-008,patriata,4,nature,semi_synthetic,1.0.0,20260810
synthetic-nature-008,mazar-e-quaid,3,nature,semi_synthetic,1.0.0,20260810
synthetic-nature-008,attabad-lake,5,nature,semi_synthetic,1.0.0,20260810
synthetic-nature-008,shigar-fort,3,nature,semi_synthetic,1.0.0,20260810
synthetic-nature-008,baltit-fort,3,nature,semi_synthetic,1.0.0,20260810
synthetic-nature-008,margalla-hills,5,nature,semi_synthetic,1.0.0,20260810
synthetic-nature-008,malam-jabba,4,nature,semi_synthetic,1.0.0,20260810
synthetic-nature-008,burns-road,3,nature,semi_synthetic,1.0.0,20260810
synthetic-nature-008,anarkali-bazaar,3,nature,semi_synthetic,1.0.0,20260810
synthetic-nature-008,lok-virsa,3,nature,semi_synthetic,1.0.0,20260810
synthetic-nature-009,mohatta-palace,3,nature,semi_synthetic,1.0.0,20260810
synthetic-nature-009,cold-desert,4,nature,semi_synthetic,1.0.0,20260810
synthetic-nature-009,faisal-mosque,2,nature,semi_synthetic,1.0.0,20260810
synthetic-nature-009,patriata,3,nature,semi_synthetic,1.0.0,20260810
synthetic-nature-009,satpara-lake,5,nature,semi_synthetic,1.0.0,20260810
synthetic-nature-009,bala-hisar,4,nature,semi_synthetic,1.0.0,20260810
synthetic-nature-009,lok-virsa,2,nature,semi_synthetic,1.0.0,20260810
synthetic-nature-009,malam-jabba,3,nature,semi_synthetic,1.0.0,20260810
synthetic-nature-009,burns-road,3,nature,semi_synthetic,1.0.0,20260810
synthetic-nature-009,karimabad-bazaar,3,nature,semi_synthetic,1.0.0,20260810
synthetic-nature-010,anarkali-bazaar,3,nature,semi_synthetic,1.0.0,20260810
synthetic-nature-010,peshawar-museum,3,nature,semi_synthetic,1.0.0,20260810
synthetic-nature-010,margalla-hills,4,nature,semi_synthetic,1.0.0,20260810
synthetic-nature-010,lok-virsa,3,nature,semi_synthetic,1.0.0,20260810
synthetic-nature-010,mazar-e-quaid,2,nature,semi_synthetic,1.0.0,20260810
synthetic-nature-010,mall-road,3,nature,semi_synthetic,1.0.0,20260810
synthetic-nature-010,clifton-beach,4,nature,semi_synthetic,1.0.0,20260810
synthetic-nature-010,frere-hall,3,nature,semi_synthetic,1.0.0,20260810
synthetic-nature-010,burns-road,2,nature,semi_synthetic,1.0.0,20260810
synthetic-nature-010,lahore-museum,3,nature,semi_synthetic,1.0.0,20260810
synthetic-nature-011,peshawar-museum,2,nature,semi_synthetic,1.0.0,20260810
synthetic-nature-011,clifton-beach,5,nature,semi_synthetic,1.0.0,20260810
synthetic-nature-011,frere-hall,2,nature,semi_synthetic,1.0.0,20260810
synthetic-nature-011,altit-fort,2,nature,semi_synthetic,1.0.0,20260810
synthetic-nature-011,shalimar-gardens,4,nature,semi_synthetic,1.0.0,20260810
synthetic-nature-011,lahore-fort,3,nature,semi_synthetic,1.0.0,20260810
synthetic-nature-011,swat-museum,4,nature,semi_synthetic,1.0.0,20260810
synthetic-nature-011,shigar-fort,2,nature,semi_synthetic,1.0.0,20260810
synthetic-nature-011,bala-hisar,4,nature,semi_synthetic,1.0.0,20260810
synthetic-nature-011,upper-kachura,5,nature,semi_synthetic,1.0.0,20260810
synthetic-nature-012,mall-road,3,nature,semi_synthetic,1.0.0,20260810
synthetic-nature-012,frere-hall,2,nature,semi_synthetic,1.0.0,20260810
synthetic-nature-012,satpara-lake,5,nature,semi_synthetic,1.0.0,20260810
synthetic-nature-012,attabad-lake,5,nature,semi_synthetic,1.0.0,20260810
synthetic-nature-012,peshawar-museum,2,nature,semi_synthetic,1.0.0,20260810
synthetic-nature-012,passu-cones,4,nature,semi_synthetic,1.0.0,20260810
synthetic-nature-012,baltit-fort,3,nature,semi_synthetic,1.0.0,20260810
synthetic-nature-012,burns-road,3,nature,semi_synthetic,1.0.0,20260810
synthetic-nature-012,mazar-e-quaid,3,nature,semi_synthetic,1.0.0,20260810
synthetic-nature-012,rawal-lake,5,nature,semi_synthetic,1.0.0,20260810
synthetic-nature-013,anarkali-bazaar,2,nature,semi_synthetic,1.0.0,20260810
synthetic-nature-013,patriata,3,nature,semi_synthetic,1.0.0,20260810
synthetic-nature-013,mazar-e-quaid,2,nature,semi_synthetic,1.0.0,20260810
synthetic-nature-013,lahore-museum,3,nature,semi_synthetic,1.0.0,20260810
synthetic-nature-013,altit-fort,3,nature,semi_synthetic,1.0.0,20260810
synthetic-nature-013,bala-hisar,3,nature,semi_synthetic,1.0.0,20260810
synthetic-nature-013,swat-museum,2,nature,semi_synthetic,1.0.0,20260810
synthetic-nature-013,karimabad-bazaar,2,nature,semi_synthetic,1.0.0,20260810
synthetic-nature-013,peshawar-museum,3,nature,semi_synthetic,1.0.0,20260810
synthetic-nature-013,mall-road,3,nature,semi_synthetic,1.0.0,20260810
synthetic-nature-014,anarkali-bazaar,2,nature,semi_synthetic,1.0.0,20260810
synthetic-nature-014,swat-museum,2,nature,semi_synthetic,1.0.0,20260810
synthetic-nature-014,attabad-lake,5,nature,semi_synthetic,1.0.0,20260810
synthetic-nature-014,bala-hisar,3,nature,semi_synthetic,1.0.0,20260810
synthetic-nature-014,mazar-e-quaid,3,nature,semi_synthetic,1.0.0,20260810
synthetic-nature-014,margalla-hills,4,nature,semi_synthetic,1.0.0,20260810
synthetic-nature-014,baltit-fort,3,nature,semi_synthetic,1.0.0,20260810
synthetic-nature-014,altit-fort,3,nature,semi_synthetic,1.0.0,20260810
synthetic-nature-014,cold-desert,4,nature,semi_synthetic,1.0.0,20260810
synthetic-nature-014,upper-kachura,5,nature,semi_synthetic,1.0.0,20260810
synthetic-nature-015,attabad-lake,5,nature,semi_synthetic,1.0.0,20260810
synthetic-nature-015,baltit-fort,3,nature,semi_synthetic,1.0.0,20260810
synthetic-nature-015,passu-cones,4,nature,semi_synthetic,1.0.0,20260810
synthetic-nature-015,cold-desert,4,nature,semi_synthetic,1.0.0,20260810
synthetic-nature-015,swat-museum,3,nature,semi_synthetic,1.0.0,20260810
synthetic-nature-015,rawal-lake,5,nature,semi_synthetic,1.0.0,20260810
synthetic-nature-015,karimabad-bazaar,3,nature,semi_synthetic,1.0.0,20260810
synthetic-nature-015,mazar-e-quaid,3,nature,semi_synthetic,1.0.0,20260810
synthetic-nature-015,anarkali-bazaar,3,nature,semi_synthetic,1.0.0,20260810
synthetic-nature-015,lok-virsa,3,nature,semi_synthetic,1.0.0,20260810
synthetic-nature-016,burns-road,3,nature,semi_synthetic,1.0.0,20260810
synthetic-nature-016,karimabad-bazaar,2,nature,semi_synthetic,1.0.0,20260810
synthetic-nature-016,attabad-lake,4,nature,semi_synthetic,1.0.0,20260810
synthetic-nature-016,cold-desert,4,nature,semi_synthetic,1.0.0,20260810
synthetic-nature-016,lok-virsa,3,nature,semi_synthetic,1.0.0,20260810
synthetic-nature-016,shalimar-gardens,5,nature,semi_synthetic,1.0.0,20260810
synthetic-nature-016,baltit-fort,3,nature,semi_synthetic,1.0.0,20260810
synthetic-nature-016,upper-kachura,5,nature,semi_synthetic,1.0.0,20260810
synthetic-nature-016,satpara-lake,5,nature,semi_synthetic,1.0.0,20260810
synthetic-nature-016,mall-road,3,nature,semi_synthetic,1.0.0,20260810
synthetic-nature-017,burns-road,3,nature,semi_synthetic,1.0.0,20260810
synthetic-nature-017,swat-museum,2,nature,semi_synthetic,1.0.0,20260810
synthetic-nature-017,bala-hisar,3,nature,semi_synthetic,1.0.0,20260810
synthetic-nature-017,margalla-hills,5,nature,semi_synthetic,1.0.0,20260810
synthetic-nature-017,lok-virsa,3,nature,semi_synthetic,1.0.0,20260810
synthetic-nature-017,passu-cones,4,nature,semi_synthetic,1.0.0,20260810
synthetic-nature-017,satpara-lake,5,nature,semi_synthetic,1.0.0,20260810
synthetic-nature-017,clifton-beach,4,nature,semi_synthetic,1.0.0,20260810
synthetic-nature-017,malam-jabba,4,nature,semi_synthetic,1.0.0,20260810
synthetic-nature-017,upper-kachura,5,nature,semi_synthetic,1.0.0,20260810
synthetic-nature-018,clifton-beach,4,nature,semi_synthetic,1.0.0,20260810
synthetic-nature-018,shalimar-gardens,5,nature,semi_synthetic,1.0.0,20260810
synthetic-nature-018,pakistan-monument,2,nature,semi_synthetic,1.0.0,20260810
synthetic-nature-018,upper-kachura,4,nature,semi_synthetic,1.0.0,20260810
synthetic-nature-018,frere-hall,3,nature,semi_synthetic,1.0.0,20260810
synthetic-nature-018,swat-museum,3,nature,semi_synthetic,1.0.0,20260810
synthetic-nature-018,attabad-lake,4,nature,semi_synthetic,1.0.0,20260810
synthetic-nature-018,bala-hisar,4,nature,semi_synthetic,1.0.0,20260810
synthetic-nature-018,karimabad-bazaar,3,nature,semi_synthetic,1.0.0,20260810
synthetic-nature-018,rawal-lake,4,nature,semi_synthetic,1.0.0,20260810
synthetic-nature-019,burns-road,2,nature,semi_synthetic,1.0.0,20260810
synthetic-nature-019,patriata,3,nature,semi_synthetic,1.0.0,20260810
synthetic-nature-019,shigar-fort,3,nature,semi_synthetic,1.0.0,20260810
synthetic-nature-019,shalimar-gardens,5,nature,semi_synthetic,1.0.0,20260810
synthetic-nature-019,margalla-hills,4,nature,semi_synthetic,1.0.0,20260810
synthetic-nature-019,passu-cones,4,nature,semi_synthetic,1.0.0,20260810
synthetic-nature-019,lahore-fort,3,nature,semi_synthetic,1.0.0,20260810
synthetic-nature-019,satpara-lake,4,nature,semi_synthetic,1.0.0,20260810
synthetic-nature-019,upper-kachura,5,nature,semi_synthetic,1.0.0,20260810
synthetic-nature-019,altit-fort,3,nature,semi_synthetic,1.0.0,20260810
synthetic-nature-020,mazar-e-quaid,3,nature,semi_synthetic,1.0.0,20260810
synthetic-nature-020,clifton-beach,5,nature,semi_synthetic,1.0.0,20260810
synthetic-nature-020,patriata,3,nature,semi_synthetic,1.0.0,20260810
synthetic-nature-020,upper-kachura,4,nature,semi_synthetic,1.0.0,20260810
synthetic-nature-020,rawal-lake,5,nature,semi_synthetic,1.0.0,20260810
synthetic-nature-020,frere-hall,3,nature,semi_synthetic,1.0.0,20260810
synthetic-nature-020,karimabad-bazaar,3,nature,semi_synthetic,1.0.0,20260810
synthetic-nature-020,lahore-fort,2,nature,semi_synthetic,1.0.0,20260810
synthetic-nature-020,mohatta-palace,3,nature,semi_synthetic,1.0.0,20260810
synthetic-nature-020,attabad-lake,4,nature,semi_synthetic,1.0.0,20260810
synthetic-nature-021,burns-road,3,nature,semi_synthetic,1.0.0,20260810
synthetic-nature-021,upper-kachura,5,nature,semi_synthetic,1.0.0,20260810
synthetic-nature-021,shalimar-gardens,5,nature,semi_synthetic,1.0.0,20260810
synthetic-nature-021,karimabad-bazaar,3,nature,semi_synthetic,1.0.0,20260810
synthetic-nature-021,shigar-fort,3,nature,semi_synthetic,1.0.0,20260810
synthetic-nature-021,malam-jabba,4,nature,semi_synthetic,1.0.0,20260810
synthetic-nature-021,badshahi-mosque,3,nature,semi_synthetic,1.0.0,20260810
synthetic-nature-021,mohatta-palace,3,nature,semi_synthetic,1.0.0,20260810
synthetic-nature-021,anarkali-bazaar,2,nature,semi_synthetic,1.0.0,20260810
synthetic-nature-021,mall-road,2,nature,semi_synthetic,1.0.0,20260810
synthetic-nature-022,patriata,4,nature,semi_synthetic,1.0.0,20260810
synthetic-nature-022,pakistan-monument,2,nature,semi_synthetic,1.0.0,20260810
synthetic-nature-022,cold-desert,3,nature,semi_synthetic,1.0.0,20260810
synthetic-nature-022,mazar-e-quaid,2,nature,semi_synthetic,1.0.0,20260810
synthetic-nature-022,frere-hall,3,nature,semi_synthetic,1.0.0,20260810
synthetic-nature-022,margalla-hills,5,nature,semi_synthetic,1.0.0,20260810
synthetic-nature-022,burns-road,3,nature,semi_synthetic,1.0.0,20260810
synthetic-nature-022,altit-fort,2,nature,semi_synthetic,1.0.0,20260810
synthetic-nature-022,shigar-fort,3,nature,semi_synthetic,1.0.0,20260810
synthetic-nature-022,lahore-fort,2,nature,semi_synthetic,1.0.0,20260810
synthetic-nature-023,mall-road,3,nature,semi_synthetic,1.0.0,20260810
synthetic-nature-023,bala-hisar,3,nature,semi_synthetic,1.0.0,20260810
synthetic-nature-023,badshahi-mosque,3,nature,semi_synthetic,1.0.0,20260810
synthetic-nature-023,satpara-lake,5,nature,semi_synthetic,1.0.0,20260810
synthetic-nature-023,pakistan-monument,3,nature,semi_synthetic,1.0.0,20260810
synthetic-nature-023,frere-hall,3,nature,semi_synthetic,1.0.0,20260810
synthetic-nature-023,shalimar-gardens,5,nature,semi_synthetic,1.0.0,20260810
synthetic-nature-023,mohatta-palace,2,nature,semi_synthetic,1.0.0,20260810
synthetic-nature-023,lok-virsa,3,nature,semi_synthetic,1.0.0,20260810
synthetic-nature-023,shigar-fort,4,nature,semi_synthetic,1.0.0,20260810
synthetic-nature-024,attabad-lake,4,nature,semi_synthetic,1.0.0,20260810
synthetic-nature-024,peshawar-museum,3,nature,semi_synthetic,1.0.0,20260810
synthetic-nature-024,lahore-fort,3,nature,semi_synthetic,1.0.0,20260810
synthetic-nature-024,clifton-beach,4,nature,semi_synthetic,1.0.0,20260810
synthetic-nature-024,shigar-fort,1,nature,semi_synthetic,1.0.0,20260810
synthetic-nature-024,rawal-lake,4,nature,semi_synthetic,1.0.0,20260810
synthetic-nature-024,passu-cones,3,nature,semi_synthetic,1.0.0,20260810
synthetic-nature-024,badshahi-mosque,3,nature,semi_synthetic,1.0.0,20260810
synthetic-nature-024,malam-jabba,4,nature,semi_synthetic,1.0.0,20260810
synthetic-nature-024,lok-virsa,3,nature,semi_synthetic,1.0.0,20260810
synthetic-nature-025,upper-kachura,5,nature,semi_synthetic,1.0.0,20260810
synthetic-nature-025,anarkali-bazaar,3,nature,semi_synthetic,1.0.0,20260810
synthetic-nature-025,faisal-mosque,3,nature,semi_synthetic,1.0.0,20260810
synthetic-nature-025,malam-jabba,4,nature,semi_synthetic,1.0.0,20260810
synthetic-nature-025,shigar-fort,3,nature,semi_synthetic,1.0.0,20260810
synthetic-nature-025,bala-hisar,3,nature,semi_synthetic,1.0.0,20260810
synthetic-nature-025,mall-road,3,nature,semi_synthetic,1.0.0,20260810
synthetic-nature-025,shalimar-gardens,4,nature,semi_synthetic,1.0.0,20260810
synthetic-nature-025,frere-hall,3,nature,semi_synthetic,1.0.0,20260810
synthetic-nature-025,swat-museum,2,nature,semi_synthetic,1.0.0,20260810
synthetic-nature-026,passu-cones,4,nature,semi_synthetic,1.0.0,20260810
synthetic-nature-026,satpara-lake,4,nature,semi_synthetic,1.0.0,20260810
synthetic-nature-026,clifton-beach,5,nature,semi_synthetic,1.0.0,20260810
synthetic-nature-026,cold-desert,4,nature,semi_synthetic,1.0.0,20260810
synthetic-nature-026,bala-hisar,3,nature,semi_synthetic,1.0.0,20260810
synthetic-nature-026,badshahi-mosque,2,nature,semi_synthetic,1.0.0,20260810
synthetic-nature-026,attabad-lake,5,nature,semi_synthetic,1.0.0,20260810
synthetic-nature-026,margalla-hills,5,nature,semi_synthetic,1.0.0,20260810
synthetic-nature-026,lahore-fort,3,nature,semi_synthetic,1.0.0,20260810
synthetic-nature-026,anarkali-bazaar,2,nature,semi_synthetic,1.0.0,20260810
synthetic-nature-027,mall-road,3,nature,semi_synthetic,1.0.0,20260810
synthetic-nature-027,mohatta-palace,2,nature,semi_synthetic,1.0.0,20260810
synthetic-nature-027,margalla-hills,5,nature,semi_synthetic,1.0.0,20260810
synthetic-nature-027,mazar-e-quaid,2,nature,semi_synthetic,1.0.0,20260810
synthetic-nature-027,peshawar-museum,3,nature,semi_synthetic,1.0.0,20260810
synthetic-nature-027,passu-cones,4,nature,semi_synthetic,1.0.0,20260810
synthetic-nature-027,swat-museum,1,nature,semi_synthetic,1.0.0,20260810
synthetic-nature-027,shalimar-gardens,4,nature,semi_synthetic,1.0.0,20260810
synthetic-nature-027,badshahi-mosque,3,nature,semi_synthetic,1.0.0,20260810
synthetic-nature-027,clifton-beach,4,nature,semi_synthetic,1.0.0,20260810
synthetic-nature-028,rawal-lake,5,nature,semi_synthetic,1.0.0,20260810
synthetic-nature-028,lahore-fort,3,nature,semi_synthetic,1.0.0,20260810
synthetic-nature-028,patriata,4,nature,semi_synthetic,1.0.0,20260810
synthetic-nature-028,lok-virsa,3,nature,semi_synthetic,1.0.0,20260810
synthetic-nature-028,satpara-lake,5,nature,semi_synthetic,1.0.0,20260810
synthetic-nature-028,pakistan-monument,3,nature,semi_synthetic,1.0.0,20260810
synthetic-nature-028,anarkali-bazaar,2,nature,semi_synthetic,1.0.0,20260810
synthetic-nature-028,baltit-fort,3,nature,semi_synthetic,1.0.0,20260810
synthetic-nature-028,altit-fort,2,nature,semi_synthetic,1.0.0,20260810
synthetic-nature-028,bala-hisar,2,nature,semi_synthetic,1.0.0,20260810
synthetic-nature-029,margalla-hills,5,nature,semi_synthetic,1.0.0,20260810
synthetic-nature-029,attabad-lake,4,nature,semi_synthetic,1.0.0,20260810
synthetic-nature-029,clifton-beach,5,nature,semi_synthetic,1.0.0,20260810
synthetic-nature-029,malam-jabba,4,nature,semi_synthetic,1.0.0,20260810
synthetic-nature-029,shalimar-gardens,4,nature,semi_synthetic,1.0.0,20260810
synthetic-nature-029,baltit-fort,2,nature,semi_synthetic,1.0.0,20260810
synthetic-nature-029,mazar-e-quaid,3,nature,semi_synthetic,1.0.0,20260810
synthetic-nature-029,satpara-lake,4,nature,semi_synthetic,1.0.0,20260810
synthetic-nature-029,karimabad-bazaar,3,nature,semi_synthetic,1.0.0,20260810
synthetic-nature-029,burns-road,3,nature,semi_synthetic,1.0.0,20260810
synthetic-nature-030,mohatta-palace,4,nature,semi_synthetic,1.0.0,20260810
synthetic-nature-030,bala-hisar,3,nature,semi_synthetic,1.0.0,20260810
synthetic-nature-030,rawal-lake,4,nature,semi_synthetic,1.0.0,20260810
synthetic-nature-030,peshawar-museum,3,nature,semi_synthetic,1.0.0,20260810
synthetic-nature-030,attabad-lake,4,nature,semi_synthetic,1.0.0,20260810
synthetic-nature-030,shalimar-gardens,5,nature,semi_synthetic,1.0.0,20260810
synthetic-nature-030,satpara-lake,5,nature,semi_synthetic,1.0.0,20260810
synthetic-nature-030,anarkali-bazaar,4,nature,semi_synthetic,1.0.0,20260810
synthetic-nature-030,shigar-fort,2,nature,semi_synthetic,1.0.0,20260810
synthetic-nature-030,frere-hall,3,nature,semi_synthetic,1.0.0,20260810
synthetic-nature-031,passu-cones,4,nature,semi_synthetic,1.0.0,20260810
synthetic-nature-031,faisal-mosque,2,nature,semi_synthetic,1.0.0,20260810
synthetic-nature-031,lahore-museum,2,nature,semi_synthetic,1.0.0,20260810
synthetic-nature-031,upper-kachura,4,nature,semi_synthetic,1.0.0,20260810
synthetic-nature-031,shalimar-gardens,4,nature,semi_synthetic,1.0.0,20260810
synthetic-nature-031,badshahi-mosque,3,nature,semi_synthetic,1.0.0,20260810
synthetic-nature-031,lahore-fort,2,nature,semi_synthetic,1.0.0,20260810
synthetic-nature-031,shigar-fort,3,nature,semi_synthetic,1.0.0,20260810
synthetic-nature-031,anarkali-bazaar,2,nature,semi_synthetic,1.0.0,20260810
synthetic-nature-031,burns-road,2,nature,semi_synthetic,1.0.0,20260810
synthetic-nature-032,badshahi-mosque,3,nature,semi_synthetic,1.0.0,20260810
synthetic-nature-032,patriata,4,nature,semi_synthetic,1.0.0,20260810
synthetic-nature-032,clifton-beach,5,nature,semi_synthetic,1.0.0,20260810
synthetic-nature-032,rawal-lake,4,nature,semi_synthetic,1.0.0,20260810
synthetic-nature-032,mazar-e-quaid,3,nature,semi_synthetic,1.0.0,20260810
synthetic-nature-032,anarkali-bazaar,3,nature,semi_synthetic,1.0.0,20260810
synthetic-nature-032,karimabad-bazaar,3,nature,semi_synthetic,1.0.0,20260810
synthetic-nature-032,lahore-fort,3,nature,semi_synthetic,1.0.0,20260810
synthetic-nature-032,attabad-lake,4,nature,semi_synthetic,1.0.0,20260810
synthetic-nature-032,lok-virsa,2,nature,semi_synthetic,1.0.0,20260810
synthetic-nature-033,lok-virsa,3,nature,semi_synthetic,1.0.0,20260810
synthetic-nature-033,lahore-museum,3,nature,semi_synthetic,1.0.0,20260810
synthetic-nature-033,peshawar-museum,3,nature,semi_synthetic,1.0.0,20260810
synthetic-nature-033,altit-fort,2,nature,semi_synthetic,1.0.0,20260810
synthetic-nature-033,clifton-beach,5,nature,semi_synthetic,1.0.0,20260810
synthetic-nature-033,baltit-fort,3,nature,semi_synthetic,1.0.0,20260810
synthetic-nature-033,margalla-hills,5,nature,semi_synthetic,1.0.0,20260810
synthetic-nature-033,shigar-fort,3,nature,semi_synthetic,1.0.0,20260810
synthetic-nature-033,mohatta-palace,3,nature,semi_synthetic,1.0.0,20260810
synthetic-nature-033,pakistan-monument,3,nature,semi_synthetic,1.0.0,20260810
synthetic-nature-034,peshawar-museum,3,nature,semi_synthetic,1.0.0,20260810
synthetic-nature-034,bala-hisar,2,nature,semi_synthetic,1.0.0,20260810
synthetic-nature-034,upper-kachura,5,nature,semi_synthetic,1.0.0,20260810
synthetic-nature-034,mall-road,3,nature,semi_synthetic,1.0.0,20260810
synthetic-nature-034,shigar-fort,3,nature,semi_synthetic,1.0.0,20260810
synthetic-nature-034,malam-jabba,4,nature,semi_synthetic,1.0.0,20260810
synthetic-nature-034,baltit-fort,3,nature,semi_synthetic,1.0.0,20260810
synthetic-nature-034,passu-cones,4,nature,semi_synthetic,1.0.0,20260810
synthetic-nature-034,badshahi-mosque,3,nature,semi_synthetic,1.0.0,20260810
synthetic-nature-034,margalla-hills,5,nature,semi_synthetic,1.0.0,20260810
synthetic-nature-035,frere-hall,3,nature,semi_synthetic,1.0.0,20260810
synthetic-nature-035,mazar-e-quaid,3,nature,semi_synthetic,1.0.0,20260810
synthetic-nature-035,karimabad-bazaar,2,nature,semi_synthetic,1.0.0,20260810
synthetic-nature-035,lok-virsa,3,nature,semi_synthetic,1.0.0,20260810
synthetic-nature-035,attabad-lake,4,nature,semi_synthetic,1.0.0,20260810
synthetic-nature-035,baltit-fort,2,nature,semi_synthetic,1.0.0,20260810
synthetic-nature-035,faisal-mosque,2,nature,semi_synthetic,1.0.0,20260810
synthetic-nature-035,altit-fort,3,nature,semi_synthetic,1.0.0,20260810
synthetic-nature-035,anarkali-bazaar,2,nature,semi_synthetic,1.0.0,20260810
synthetic-nature-035,patriata,4,nature,semi_synthetic,1.0.0,20260810
synthetic-nature-036,attabad-lake,5,nature,semi_synthetic,1.0.0,20260810
synthetic-nature-036,shigar-fort,3,nature,semi_synthetic,1.0.0,20260810
synthetic-nature-036,satpara-lake,5,nature,semi_synthetic,1.0.0,20260810
synthetic-nature-036,lok-virsa,3,nature,semi_synthetic,1.0.0,20260810
synthetic-nature-036,malam-jabba,4,nature,semi_synthetic,1.0.0,20260810
synthetic-nature-036,margalla-hills,4,nature,semi_synthetic,1.0.0,20260810
synthetic-nature-036,swat-museum,3,nature,semi_synthetic,1.0.0,20260810
synthetic-nature-036,baltit-fort,3,nature,semi_synthetic,1.0.0,20260810
synthetic-nature-036,lahore-fort,3,nature,semi_synthetic,1.0.0,20260810
synthetic-nature-036,peshawar-museum,3,nature,semi_synthetic,1.0.0,20260810
synthetic-nature-037,shigar-fort,3,nature,semi_synthetic,1.0.0,20260810
synthetic-nature-037,upper-kachura,5,nature,semi_synthetic,1.0.0,20260810
synthetic-nature-037,swat-museum,3,nature,semi_synthetic,1.0.0,20260810
synthetic-nature-037,altit-fort,2,nature,semi_synthetic,1.0.0,20260810
synthetic-nature-037,clifton-beach,3,nature,semi_synthetic,1.0.0,20260810
synthetic-nature-037,margalla-hills,5,nature,semi_synthetic,1.0.0,20260810
synthetic-nature-037,lok-virsa,3,nature,semi_synthetic,1.0.0,20260810
synthetic-nature-037,burns-road,3,nature,semi_synthetic,1.0.0,20260810
synthetic-nature-037,pakistan-monument,2,nature,semi_synthetic,1.0.0,20260810
synthetic-nature-037,shalimar-gardens,5,nature,semi_synthetic,1.0.0,20260810
synthetic-nature-038,cold-desert,5,nature,semi_synthetic,1.0.0,20260810
synthetic-nature-038,altit-fort,3,nature,semi_synthetic,1.0.0,20260810
synthetic-nature-038,karimabad-bazaar,4,nature,semi_synthetic,1.0.0,20260810
synthetic-nature-038,pakistan-monument,2,nature,semi_synthetic,1.0.0,20260810
synthetic-nature-038,lahore-fort,3,nature,semi_synthetic,1.0.0,20260810
synthetic-nature-038,shigar-fort,3,nature,semi_synthetic,1.0.0,20260810
synthetic-nature-038,patriata,4,nature,semi_synthetic,1.0.0,20260810
synthetic-nature-038,upper-kachura,4,nature,semi_synthetic,1.0.0,20260810
synthetic-nature-038,mazar-e-quaid,2,nature,semi_synthetic,1.0.0,20260810
synthetic-nature-038,faisal-mosque,4,nature,semi_synthetic,1.0.0,20260810
synthetic-nature-039,satpara-lake,5,nature,semi_synthetic,1.0.0,20260810
synthetic-nature-039,clifton-beach,5,nature,semi_synthetic,1.0.0,20260810
synthetic-nature-039,malam-jabba,3,nature,semi_synthetic,1.0.0,20260810
synthetic-nature-039,rawal-lake,4,nature,semi_synthetic,1.0.0,20260810
synthetic-nature-039,shigar-fort,3,nature,semi_synthetic,1.0.0,20260810
synthetic-nature-039,anarkali-bazaar,3,nature,semi_synthetic,1.0.0,20260810
synthetic-nature-039,pakistan-monument,3,nature,semi_synthetic,1.0.0,20260810
synthetic-nature-039,mall-road,3,nature,semi_synthetic,1.0.0,20260810
synthetic-nature-039,margalla-hills,4,nature,semi_synthetic,1.0.0,20260810
synthetic-nature-039,lahore-museum,4,nature,semi_synthetic,1.0.0,20260810
synthetic-family-000,shigar-fort,3,family,semi_synthetic,1.0.0,20260810
synthetic-family-000,mall-road,2,family,semi_synthetic,1.0.0,20260810
synthetic-family-000,bala-hisar,3,family,semi_synthetic,1.0.0,20260810
synthetic-family-000,lahore-fort,4,family,semi_synthetic,1.0.0,20260810
synthetic-family-000,swat-museum,4,family,semi_synthetic,1.0.0,20260810
synthetic-family-000,badshahi-mosque,3,family,semi_synthetic,1.0.0,20260810
synthetic-family-000,baltit-fort,3,family,semi_synthetic,1.0.0,20260810
synthetic-family-000,patriata,2,family,semi_synthetic,1.0.0,20260810
synthetic-family-000,passu-cones,3,family,semi_synthetic,1.0.0,20260810
synthetic-family-000,anarkali-bazaar,3,family,semi_synthetic,1.0.0,20260810
synthetic-family-001,karimabad-bazaar,2,family,semi_synthetic,1.0.0,20260810
synthetic-family-001,margalla-hills,4,family,semi_synthetic,1.0.0,20260810
synthetic-family-001,anarkali-bazaar,3,family,semi_synthetic,1.0.0,20260810
synthetic-family-001,passu-cones,2,family,semi_synthetic,1.0.0,20260810
synthetic-family-001,altit-fort,3,family,semi_synthetic,1.0.0,20260810
synthetic-family-001,baltit-fort,3,family,semi_synthetic,1.0.0,20260810
synthetic-family-001,shalimar-gardens,4,family,semi_synthetic,1.0.0,20260810
synthetic-family-001,badshahi-mosque,4,family,semi_synthetic,1.0.0,20260810
synthetic-family-001,attabad-lake,5,family,semi_synthetic,1.0.0,20260810
synthetic-family-001,peshawar-museum,4,family,semi_synthetic,1.0.0,20260810
synthetic-family-002,rawal-lake,4,family,semi_synthetic,1.0.0,20260810
synthetic-family-002,clifton-beach,5,family,semi_synthetic,1.0.0,20260810
synthetic-family-002,passu-cones,3,family,semi_synthetic,1.0.0,20260810
synthetic-family-002,attabad-lake,4,family,semi_synthetic,1.0.0,20260810
synthetic-family-002,burns-road,3,family,semi_synthetic,1.0.0,20260810
synthetic-family-002,mohatta-palace,4,family,semi_synthetic,1.0.0,20260810
synthetic-family-002,faisal-mosque,3,family,semi_synthetic,1.0.0,20260810
synthetic-family-002,karimabad-bazaar,3,family,semi_synthetic,1.0.0,20260810
synthetic-family-002,bala-hisar,4,family,semi_synthetic,1.0.0,20260810
synthetic-family-002,patriata,3,family,semi_synthetic,1.0.0,20260810
synthetic-family-003,mohatta-palace,4,family,semi_synthetic,1.0.0,20260810
synthetic-family-003,satpara-lake,4,family,semi_synthetic,1.0.0,20260810
synthetic-family-003,anarkali-bazaar,2,family,semi_synthetic,1.0.0,20260810
synthetic-family-003,karimabad-bazaar,3,family,semi_synthetic,1.0.0,20260810
synthetic-family-003,faisal-mosque,4,family,semi_synthetic,1.0.0,20260810
synthetic-family-003,lahore-fort,4,family,semi_synthetic,1.0.0,20260810
synthetic-family-003,baltit-fort,3,family,semi_synthetic,1.0.0,20260810
synthetic-family-003,malam-jabba,2,family,semi_synthetic,1.0.0,20260810
synthetic-family-003,lok-virsa,4,family,semi_synthetic,1.0.0,20260810
synthetic-family-003,peshawar-museum,4,family,semi_synthetic,1.0.0,20260810
synthetic-family-004,peshawar-museum,5,family,semi_synthetic,1.0.0,20260810
synthetic-family-004,patriata,3,family,semi_synthetic,1.0.0,20260810
synthetic-family-004,lahore-fort,3,family,semi_synthetic,1.0.0,20260810
synthetic-family-004,altit-fort,4,family,semi_synthetic,1.0.0,20260810
synthetic-family-004,upper-kachura,4,family,semi_synthetic,1.0.0,20260810
synthetic-family-004,malam-jabba,2,family,semi_synthetic,1.0.0,20260810
synthetic-family-004,shalimar-gardens,5,family,semi_synthetic,1.0.0,20260810
synthetic-family-004,lahore-museum,5,family,semi_synthetic,1.0.0,20260810
synthetic-family-004,pakistan-monument,4,family,semi_synthetic,1.0.0,20260810
synthetic-family-004,rawal-lake,5,family,semi_synthetic,1.0.0,20260810
synthetic-family-005,clifton-beach,4,family,semi_synthetic,1.0.0,20260810
synthetic-family-005,altit-fort,3,family,semi_synthetic,1.0.0,20260810
synthetic-family-005,badshahi-mosque,4,family,semi_synthetic,1.0.0,20260810
synthetic-family-005,lok-virsa,4,family,semi_synthetic,1.0.0,20260810
synthetic-family-005,baltit-fort,4,family,semi_synthetic,1.0.0,20260810
synthetic-family-005,pakistan-monument,3,family,semi_synthetic,1.0.0,20260810
synthetic-family-005,lahore-fort,3,family,semi_synthetic,1.0.0,20260810
synthetic-family-005,bala-hisar,4,family,semi_synthetic,1.0.0,20260810
synthetic-family-005,rawal-lake,4,family,semi_synthetic,1.0.0,20260810
synthetic-family-005,shalimar-gardens,4,family,semi_synthetic,1.0.0,20260810
synthetic-family-006,shigar-fort,3,family,semi_synthetic,1.0.0,20260810
synthetic-family-006,pakistan-monument,3,family,semi_synthetic,1.0.0,20260810
synthetic-family-006,bala-hisar,3,family,semi_synthetic,1.0.0,20260810
synthetic-family-006,shalimar-gardens,4,family,semi_synthetic,1.0.0,20260810
synthetic-family-006,lok-virsa,4,family,semi_synthetic,1.0.0,20260810
synthetic-family-006,faisal-mosque,3,family,semi_synthetic,1.0.0,20260810
synthetic-family-006,malam-jabba,3,family,semi_synthetic,1.0.0,20260810
synthetic-family-006,swat-museum,5,family,semi_synthetic,1.0.0,20260810
synthetic-family-006,anarkali-bazaar,3,family,semi_synthetic,1.0.0,20260810
synthetic-family-006,rawal-lake,4,family,semi_synthetic,1.0.0,20260810
synthetic-family-007,altit-fort,3,family,semi_synthetic,1.0.0,20260810
synthetic-family-007,frere-hall,4,family,semi_synthetic,1.0.0,20260810
synthetic-family-007,passu-cones,3,family,semi_synthetic,1.0.0,20260810
synthetic-family-007,lahore-fort,4,family,semi_synthetic,1.0.0,20260810
synthetic-family-007,anarkali-bazaar,3,family,semi_synthetic,1.0.0,20260810
synthetic-family-007,badshahi-mosque,3,family,semi_synthetic,1.0.0,20260810
synthetic-family-007,lok-virsa,4,family,semi_synthetic,1.0.0,20260810
synthetic-family-007,patriata,3,family,semi_synthetic,1.0.0,20260810
synthetic-family-007,malam-jabba,3,family,semi_synthetic,1.0.0,20260810
synthetic-family-007,lahore-museum,4,family,semi_synthetic,1.0.0,20260810
synthetic-family-008,patriata,3,family,semi_synthetic,1.0.0,20260810
synthetic-family-008,mazar-e-quaid,4,family,semi_synthetic,1.0.0,20260810
synthetic-family-008,attabad-lake,4,family,semi_synthetic,1.0.0,20260810
synthetic-family-008,shigar-fort,3,family,semi_synthetic,1.0.0,20260810
synthetic-family-008,baltit-fort,3,family,semi_synthetic,1.0.0,20260810
synthetic-family-008,margalla-hills,3,family,semi_synthetic,1.0.0,20260810
synthetic-family-008,malam-jabba,2,family,semi_synthetic,1.0.0,20260810
synthetic-family-008,burns-road,4,family,semi_synthetic,1.0.0,20260810
synthetic-family-008,anarkali-bazaar,3,family,semi_synthetic,1.0.0,20260810
synthetic-family-008,lok-virsa,3,family,semi_synthetic,1.0.0,20260810
synthetic-family-009,mohatta-palace,4,family,semi_synthetic,1.0.0,20260810
synthetic-family-009,cold-desert,2,family,semi_synthetic,1.0.0,20260810
synthetic-family-009,faisal-mosque,4,family,semi_synthetic,1.0.0,20260810
synthetic-family-009,patriata,2,family,semi_synthetic,1.0.0,20260810
synthetic-family-009,satpara-lake,4,family,semi_synthetic,1.0.0,20260810
synthetic-family-009,bala-hisar,5,family,semi_synthetic,1.0.0,20260810
synthetic-family-009,lok-virsa,3,family,semi_synthetic,1.0.0,20260810
synthetic-family-009,malam-jabba,4,family,semi_synthetic,1.0.0,20260810
synthetic-family-009,burns-road,3,family,semi_synthetic,1.0.0,20260810
synthetic-family-009,karimabad-bazaar,2,family,semi_synthetic,1.0.0,20260810
synthetic-family-010,anarkali-bazaar,4,family,semi_synthetic,1.0.0,20260810
synthetic-family-010,peshawar-museum,4,family,semi_synthetic,1.0.0,20260810
synthetic-family-010,margalla-hills,4,family,semi_synthetic,1.0.0,20260810
synthetic-family-010,lok-virsa,4,family,semi_synthetic,1.0.0,20260810
synthetic-family-010,mazar-e-quaid,3,family,semi_synthetic,1.0.0,20260810
synthetic-family-010,mall-road,3,family,semi_synthetic,1.0.0,20260810
synthetic-family-010,clifton-beach,4,family,semi_synthetic,1.0.0,20260810
synthetic-family-010,frere-hall,4,family,semi_synthetic,1.0.0,20260810
synthetic-family-010,burns-road,3,family,semi_synthetic,1.0.0,20260810
synthetic-family-010,lahore-museum,4,family,semi_synthetic,1.0.0,20260810
synthetic-family-011,peshawar-museum,4,family,semi_synthetic,1.0.0,20260810
synthetic-family-011,clifton-beach,4,family,semi_synthetic,1.0.0,20260810
synthetic-family-011,frere-hall,4,family,semi_synthetic,1.0.0,20260810
synthetic-family-011,altit-fort,4,family,semi_synthetic,1.0.0,20260810
synthetic-family-011,shalimar-gardens,4,family,semi_synthetic,1.0.0,20260810
synthetic-family-011,lahore-fort,4,family,semi_synthetic,1.0.0,20260810
synthetic-family-011,swat-museum,3,family,semi_synthetic,1.0.0,20260810
synthetic-family-011,shigar-fort,4,family,semi_synthetic,1.0.0,20260810
synthetic-family-011,bala-hisar,4,family,semi_synthetic,1.0.0,20260810
synthetic-family-011,upper-kachura,5,family,semi_synthetic,1.0.0,20260810
synthetic-family-012,mall-road,3,family,semi_synthetic,1.0.0,20260810
synthetic-family-012,frere-hall,4,family,semi_synthetic,1.0.0,20260810
synthetic-family-012,satpara-lake,4,family,semi_synthetic,1.0.0,20260810
synthetic-family-012,attabad-lake,4,family,semi_synthetic,1.0.0,20260810
synthetic-family-012,peshawar-museum,4,family,semi_synthetic,1.0.0,20260810
synthetic-family-012,passu-cones,2,family,semi_synthetic,1.0.0,20260810
synthetic-family-012,baltit-fort,3,family,semi_synthetic,1.0.0,20260810
synthetic-family-012,burns-road,3,family,semi_synthetic,1.0.0,20260810
synthetic-family-012,mazar-e-quaid,4,family,semi_synthetic,1.0.0,20260810
synthetic-family-012,rawal-lake,4,family,semi_synthetic,1.0.0,20260810
synthetic-family-013,anarkali-bazaar,3,family,semi_synthetic,1.0.0,20260810
synthetic-family-013,patriata,2,family,semi_synthetic,1.0.0,20260810
synthetic-family-013,mazar-e-quaid,3,family,semi_synthetic,1.0.0,20260810
synthetic-family-013,lahore-museum,4,family,semi_synthetic,1.0.0,20260810
synthetic-family-013,altit-fort,3,family,semi_synthetic,1.0.0,20260810
synthetic-family-013,bala-hisar,3,family,semi_synthetic,1.0.0,20260810
synthetic-family-013,swat-museum,4,family,semi_synthetic,1.0.0,20260810
synthetic-family-013,karimabad-bazaar,3,family,semi_synthetic,1.0.0,20260810
synthetic-family-013,peshawar-museum,4,family,semi_synthetic,1.0.0,20260810
synthetic-family-013,mall-road,3,family,semi_synthetic,1.0.0,20260810
synthetic-family-014,anarkali-bazaar,3,family,semi_synthetic,1.0.0,20260810
synthetic-family-014,swat-museum,4,family,semi_synthetic,1.0.0,20260810
synthetic-family-014,attabad-lake,4,family,semi_synthetic,1.0.0,20260810
synthetic-family-014,bala-hisar,3,family,semi_synthetic,1.0.0,20260810
synthetic-family-014,mazar-e-quaid,3,family,semi_synthetic,1.0.0,20260810
synthetic-family-014,margalla-hills,4,family,semi_synthetic,1.0.0,20260810
synthetic-family-014,baltit-fort,2,family,semi_synthetic,1.0.0,20260810
synthetic-family-014,altit-fort,3,family,semi_synthetic,1.0.0,20260810
synthetic-family-014,cold-desert,3,family,semi_synthetic,1.0.0,20260810
synthetic-family-014,upper-kachura,4,family,semi_synthetic,1.0.0,20260810
synthetic-family-015,attabad-lake,4,family,semi_synthetic,1.0.0,20260810
synthetic-family-015,baltit-fort,4,family,semi_synthetic,1.0.0,20260810
synthetic-family-015,passu-cones,3,family,semi_synthetic,1.0.0,20260810
synthetic-family-015,cold-desert,3,family,semi_synthetic,1.0.0,20260810
synthetic-family-015,swat-museum,4,family,semi_synthetic,1.0.0,20260810
synthetic-family-015,rawal-lake,4,family,semi_synthetic,1.0.0,20260810
synthetic-family-015,karimabad-bazaar,3,family,semi_synthetic,1.0.0,20260810
synthetic-family-015,mazar-e-quaid,4,family,semi_synthetic,1.0.0,20260810
synthetic-family-015,anarkali-bazaar,3,family,semi_synthetic,1.0.0,20260810
synthetic-family-015,lok-virsa,4,family,semi_synthetic,1.0.0,20260810
synthetic-family-016,burns-road,2,family,semi_synthetic,1.0.0,20260810
synthetic-family-016,karimabad-bazaar,3,family,semi_synthetic,1.0.0,20260810
synthetic-family-016,attabad-lake,4,family,semi_synthetic,1.0.0,20260810
synthetic-family-016,cold-desert,3,family,semi_synthetic,1.0.0,20260810
synthetic-family-016,lok-virsa,4,family,semi_synthetic,1.0.0,20260810
synthetic-family-016,shalimar-gardens,5,family,semi_synthetic,1.0.0,20260810
synthetic-family-016,baltit-fort,4,family,semi_synthetic,1.0.0,20260810
synthetic-family-016,upper-kachura,4,family,semi_synthetic,1.0.0,20260810
synthetic-family-016,satpara-lake,5,family,semi_synthetic,1.0.0,20260810
synthetic-family-016,mall-road,3,family,semi_synthetic,1.0.0,20260810
synthetic-family-017,burns-road,2,family,semi_synthetic,1.0.0,20260810
synthetic-family-017,swat-museum,4,family,semi_synthetic,1.0.0,20260810
synthetic-family-017,bala-hisar,3,family,semi_synthetic,1.0.0,20260810
synthetic-family-017,margalla-hills,4,family,semi_synthetic,1.0.0,20260810
synthetic-family-017,lok-virsa,4,family,semi_synthetic,1.0.0,20260810
synthetic-family-017,passu-cones,2,family,semi_synthetic,1.0.0,20260810
synthetic-family-017,satpara-lake,4,family,semi_synthetic,1.0.0,20260810
synthetic-family-017,clifton-beach,4,family,semi_synthetic,1.0.0,20260810
synthetic-family-017,malam-jabba,3,family,semi_synthetic,1.0.0,20260810
synthetic-family-017,upper-kachura,4,family,semi_synthetic,1.0.0,20260810
synthetic-family-018,clifton-beach,4,family,semi_synthetic,1.0.0,20260810
synthetic-family-018,shalimar-gardens,5,family,semi_synthetic,1.0.0,20260810
synthetic-family-018,pakistan-monument,4,family,semi_synthetic,1.0.0,20260810
synthetic-family-018,upper-kachura,4,family,semi_synthetic,1.0.0,20260810
synthetic-family-018,frere-hall,4,family,semi_synthetic,1.0.0,20260810
synthetic-family-018,swat-museum,3,family,semi_synthetic,1.0.0,20260810
synthetic-family-018,attabad-lake,4,family,semi_synthetic,1.0.0,20260810
synthetic-family-018,bala-hisar,3,family,semi_synthetic,1.0.0,20260810
synthetic-family-018,karimabad-bazaar,3,family,semi_synthetic,1.0.0,20260810
synthetic-family-018,rawal-lake,4,family,semi_synthetic,1.0.0,20260810
synthetic-family-019,burns-road,3,family,semi_synthetic,1.0.0,20260810
synthetic-family-019,patriata,1,family,semi_synthetic,1.0.0,20260810
synthetic-family-019,shigar-fort,4,family,semi_synthetic,1.0.0,20260810
synthetic-family-019,shalimar-gardens,5,family,semi_synthetic,1.0.0,20260810
synthetic-family-019,margalla-hills,4,family,semi_synthetic,1.0.0,20260810
synthetic-family-019,passu-cones,2,family,semi_synthetic,1.0.0,20260810
synthetic-family-019,lahore-fort,4,family,semi_synthetic,1.0.0,20260810
synthetic-family-019,satpara-lake,4,family,semi_synthetic,1.0.0,20260810
synthetic-family-019,upper-kachura,5,family,semi_synthetic,1.0.0,20260810
synthetic-family-019,altit-fort,3,family,semi_synthetic,1.0.0,20260810
synthetic-family-020,mazar-e-quaid,3,family,semi_synthetic,1.0.0,20260810
synthetic-family-020,clifton-beach,4,family,semi_synthetic,1.0.0,20260810
synthetic-family-020,patriata,3,family,semi_synthetic,1.0.0,20260810
synthetic-family-020,upper-kachura,4,family,semi_synthetic,1.0.0,20260810
synthetic-family-020,rawal-lake,4,family,semi_synthetic,1.0.0,20260810
synthetic-family-020,frere-hall,3,family,semi_synthetic,1.0.0,20260810
synthetic-family-020,karimabad-bazaar,3,family,semi_synthetic,1.0.0,20260810
synthetic-family-020,lahore-fort,4,family,semi_synthetic,1.0.0,20260810
synthetic-family-020,mohatta-palace,5,family,semi_synthetic,1.0.0,20260810
synthetic-family-020,attabad-lake,5,family,semi_synthetic,1.0.0,20260810
synthetic-family-021,burns-road,4,family,semi_synthetic,1.0.0,20260810
synthetic-family-021,upper-kachura,4,family,semi_synthetic,1.0.0,20260810
synthetic-family-021,shalimar-gardens,4,family,semi_synthetic,1.0.0,20260810
synthetic-family-021,karimabad-bazaar,3,family,semi_synthetic,1.0.0,20260810
synthetic-family-021,shigar-fort,4,family,semi_synthetic,1.0.0,20260810
synthetic-family-021,malam-jabba,2,family,semi_synthetic,1.0.0,20260810
synthetic-family-021,badshahi-mosque,3,family,semi_synthetic,1.0.0,20260810
synthetic-family-021,mohatta-palace,4,family,semi_synthetic,1.0.0,20260810
synthetic-family-021,anarkali-bazaar,2,family,semi_synthetic,1.0.0,20260810
synthetic-family-021,mall-road,4,family,semi_synthetic,1.0.0,20260810
synthetic-family-022,patriata,3,family,semi_synthetic,1.0.0,20260810
synthetic-family-022,pakistan-monument,4,family,semi_synthetic,1.0.0,20260810
synthetic-family-022,cold-desert,3,family,semi_synthetic,1.0.0,20260810
synthetic-family-022,mazar-e-quaid,3,family,semi_synthetic,1.0.0,20260810
synthetic-family-022,frere-hall,4,family,semi_synthetic,1.0.0,20260810
synthetic-family-022,margalla-hills,3,family,semi_synthetic,1.0.0,20260810
synthetic-family-022,burns-road,2,family,semi_synthetic,1.0.0,20260810
synthetic-family-022,altit-fort,4,family,semi_synthetic,1.0.0,20260810
synthetic-family-022,shigar-fort,4,family,semi_synthetic,1.0.0,20260810
synthetic-family-022,lahore-fort,3,family,semi_synthetic,1.0.0,20260810
synthetic-family-023,mall-road,3,family,semi_synthetic,1.0.0,20260810
synthetic-family-023,bala-hisar,3,family,semi_synthetic,1.0.0,20260810
synthetic-family-023,badshahi-mosque,4,family,semi_synthetic,1.0.0,20260810
synthetic-family-023,satpara-lake,4,family,semi_synthetic,1.0.0,20260810
synthetic-family-023,pakistan-monument,4,family,semi_synthetic,1.0.0,20260810
synthetic-family-023,frere-hall,3,family,semi_synthetic,1.0.0,20260810
synthetic-family-023,shalimar-gardens,3,family,semi_synthetic,1.0.0,20260810
synthetic-family-023,mohatta-palace,4,family,semi_synthetic,1.0.0,20260810
synthetic-family-023,lok-virsa,4,family,semi_synthetic,1.0.0,20260810
synthetic-family-023,shigar-fort,4,family,semi_synthetic,1.0.0,20260810
synthetic-family-024,attabad-lake,4,family,semi_synthetic,1.0.0,20260810
synthetic-family-024,peshawar-museum,3,family,semi_synthetic,1.0.0,20260810
synthetic-family-024,lahore-fort,3,family,semi_synthetic,1.0.0,20260810
synthetic-family-024,clifton-beach,5,family,semi_synthetic,1.0.0,20260810
synthetic-family-024,shigar-fort,3,family,semi_synthetic,1.0.0,20260810
synthetic-family-024,rawal-lake,5,family,semi_synthetic,1.0.0,20260810
synthetic-family-024,passu-cones,3,family,semi_synthetic,1.0.0,20260810
synthetic-family-024,badshahi-mosque,4,family,semi_synthetic,1.0.0,20260810
synthetic-family-024,malam-jabba,4,family,semi_synthetic,1.0.0,20260810
synthetic-family-024,lok-virsa,4,family,semi_synthetic,1.0.0,20260810
synthetic-family-025,upper-kachura,3,family,semi_synthetic,1.0.0,20260810
synthetic-family-025,anarkali-bazaar,3,family,semi_synthetic,1.0.0,20260810
synthetic-family-025,faisal-mosque,4,family,semi_synthetic,1.0.0,20260810
synthetic-family-025,malam-jabba,3,family,semi_synthetic,1.0.0,20260810
synthetic-family-025,shigar-fort,4,family,semi_synthetic,1.0.0,20260810
synthetic-family-025,bala-hisar,3,family,semi_synthetic,1.0.0,20260810
synthetic-family-025,mall-road,3,family,semi_synthetic,1.0.0,20260810
synthetic-family-025,shalimar-gardens,4,family,semi_synthetic,1.0.0,20260810
synthetic-family-025,frere-hall,4,family,semi_synthetic,1.0.0,20260810
synthetic-family-025,swat-museum,4,family,semi_synthetic,1.0.0,20260810
synthetic-family-026,passu-cones,3,family,semi_synthetic,1.0.0,20260810
synthetic-family-026,satpara-lake,4,family,semi_synthetic,1.0.0,20260810
synthetic-family-026,clifton-beach,4,family,semi_synthetic,1.0.0,20260810
synthetic-family-026,cold-desert,3,family,semi_synthetic,1.0.0,20260810
synthetic-family-026,bala-hisar,3,family,semi_synthetic,1.0.0,20260810
synthetic-family-026,badshahi-mosque,4,family,semi_synthetic,1.0.0,20260810
synthetic-family-026,attabad-lake,4,family,semi_synthetic,1.0.0,20260810
synthetic-family-026,margalla-hills,5,family,semi_synthetic,1.0.0,20260810
synthetic-family-026,lahore-fort,3,family,semi_synthetic,1.0.0,20260810
synthetic-family-026,anarkali-bazaar,3,family,semi_synthetic,1.0.0,20260810
synthetic-family-027,mall-road,2,family,semi_synthetic,1.0.0,20260810
synthetic-family-027,mohatta-palace,4,family,semi_synthetic,1.0.0,20260810
synthetic-family-027,margalla-hills,4,family,semi_synthetic,1.0.0,20260810
synthetic-family-027,mazar-e-quaid,3,family,semi_synthetic,1.0.0,20260810
synthetic-family-027,peshawar-museum,4,family,semi_synthetic,1.0.0,20260810
synthetic-family-027,passu-cones,3,family,semi_synthetic,1.0.0,20260810
synthetic-family-027,swat-museum,4,family,semi_synthetic,1.0.0,20260810
synthetic-family-027,shalimar-gardens,4,family,semi_synthetic,1.0.0,20260810
synthetic-family-027,badshahi-mosque,3,family,semi_synthetic,1.0.0,20260810
synthetic-family-027,clifton-beach,4,family,semi_synthetic,1.0.0,20260810
synthetic-family-028,rawal-lake,4,family,semi_synthetic,1.0.0,20260810
synthetic-family-028,lahore-fort,4,family,semi_synthetic,1.0.0,20260810
synthetic-family-028,patriata,3,family,semi_synthetic,1.0.0,20260810
synthetic-family-028,lok-virsa,4,family,semi_synthetic,1.0.0,20260810
synthetic-family-028,satpara-lake,5,family,semi_synthetic,1.0.0,20260810
synthetic-family-028,pakistan-monument,5,family,semi_synthetic,1.0.0,20260810
synthetic-family-028,anarkali-bazaar,3,family,semi_synthetic,1.0.0,20260810
synthetic-family-028,baltit-fort,4,family,semi_synthetic,1.0.0,20260810
synthetic-family-028,altit-fort,3,family,semi_synthetic,1.0.0,20260810
synthetic-family-028,bala-hisar,3,family,semi_synthetic,1.0.0,20260810
synthetic-family-029,margalla-hills,4,family,semi_synthetic,1.0.0,20260810
synthetic-family-029,attabad-lake,5,family,semi_synthetic,1.0.0,20260810
synthetic-family-029,clifton-beach,4,family,semi_synthetic,1.0.0,20260810
synthetic-family-029,malam-jabba,3,family,semi_synthetic,1.0.0,20260810
synthetic-family-029,shalimar-gardens,3,family,semi_synthetic,1.0.0,20260810
synthetic-family-029,baltit-fort,4,family,semi_synthetic,1.0.0,20260810
synthetic-family-029,mazar-e-quaid,3,family,semi_synthetic,1.0.0,20260810
synthetic-family-029,satpara-lake,4,family,semi_synthetic,1.0.0,20260810
synthetic-family-029,karimabad-bazaar,3,family,semi_synthetic,1.0.0,20260810
synthetic-family-029,burns-road,1,family,semi_synthetic,1.0.0,20260810
synthetic-family-030,mohatta-palace,3,family,semi_synthetic,1.0.0,20260810
synthetic-family-030,bala-hisar,4,family,semi_synthetic,1.0.0,20260810
synthetic-family-030,rawal-lake,4,family,semi_synthetic,1.0.0,20260810
synthetic-family-030,peshawar-museum,3,family,semi_synthetic,1.0.0,20260810
synthetic-family-030,attabad-lake,4,family,semi_synthetic,1.0.0,20260810
synthetic-family-030,shalimar-gardens,4,family,semi_synthetic,1.0.0,20260810
synthetic-family-030,satpara-lake,4,family,semi_synthetic,1.0.0,20260810
synthetic-family-030,anarkali-bazaar,2,family,semi_synthetic,1.0.0,20260810
synthetic-family-030,shigar-fort,3,family,semi_synthetic,1.0.0,20260810
synthetic-family-030,frere-hall,3,family,semi_synthetic,1.0.0,20260810
synthetic-family-031,passu-cones,2,family,semi_synthetic,1.0.0,20260810
synthetic-family-031,faisal-mosque,4,family,semi_synthetic,1.0.0,20260810
synthetic-family-031,lahore-museum,3,family,semi_synthetic,1.0.0,20260810
synthetic-family-031,upper-kachura,5,family,semi_synthetic,1.0.0,20260810
synthetic-family-031,shalimar-gardens,4,family,semi_synthetic,1.0.0,20260810
synthetic-family-031,badshahi-mosque,4,family,semi_synthetic,1.0.0,20260810
synthetic-family-031,lahore-fort,4,family,semi_synthetic,1.0.0,20260810
synthetic-family-031,shigar-fort,4,family,semi_synthetic,1.0.0,20260810
synthetic-family-031,anarkali-bazaar,3,family,semi_synthetic,1.0.0,20260810
synthetic-family-031,burns-road,3,family,semi_synthetic,1.0.0,20260810
synthetic-family-032,badshahi-mosque,4,family,semi_synthetic,1.0.0,20260810
synthetic-family-032,patriata,3,family,semi_synthetic,1.0.0,20260810
synthetic-family-032,clifton-beach,5,family,semi_synthetic,1.0.0,20260810
synthetic-family-032,rawal-lake,4,family,semi_synthetic,1.0.0,20260810
synthetic-family-032,mazar-e-quaid,4,family,semi_synthetic,1.0.0,20260810
synthetic-family-032,anarkali-bazaar,2,family,semi_synthetic,1.0.0,20260810
synthetic-family-032,karimabad-bazaar,3,family,semi_synthetic,1.0.0,20260810
synthetic-family-032,lahore-fort,3,family,semi_synthetic,1.0.0,20260810
synthetic-family-032,attabad-lake,4,family,semi_synthetic,1.0.0,20260810
synthetic-family-032,lok-virsa,3,family,semi_synthetic,1.0.0,20260810
synthetic-family-033,lok-virsa,3,family,semi_synthetic,1.0.0,20260810
synthetic-family-033,lahore-museum,4,family,semi_synthetic,1.0.0,20260810
synthetic-family-033,peshawar-museum,4,family,semi_synthetic,1.0.0,20260810
synthetic-family-033,altit-fort,4,family,semi_synthetic,1.0.0,20260810
synthetic-family-033,clifton-beach,3,family,semi_synthetic,1.0.0,20260810
synthetic-family-033,baltit-fort,3,family,semi_synthetic,1.0.0,20260810
synthetic-family-033,margalla-hills,4,family,semi_synthetic,1.0.0,20260810
synthetic-family-033,shigar-fort,4,family,semi_synthetic,1.0.0,20260810
synthetic-family-033,mohatta-palace,4,family,semi_synthetic,1.0.0,20260810
synthetic-family-033,pakistan-monument,3,family,semi_synthetic,1.0.0,20260810
synthetic-family-034,peshawar-museum,3,family,semi_synthetic,1.0.0,20260810
synthetic-family-034,bala-hisar,4,family,semi_synthetic,1.0.0,20260810
synthetic-family-034,upper-kachura,4,family,semi_synthetic,1.0.0,20260810
synthetic-family-034,mall-road,2,family,semi_synthetic,1.0.0,20260810
synthetic-family-034,shigar-fort,4,family,semi_synthetic,1.0.0,20260810
synthetic-family-034,malam-jabba,2,family,semi_synthetic,1.0.0,20260810
synthetic-family-034,baltit-fort,4,family,semi_synthetic,1.0.0,20260810
synthetic-family-034,passu-cones,3,family,semi_synthetic,1.0.0,20260810
synthetic-family-034,badshahi-mosque,4,family,semi_synthetic,1.0.0,20260810
synthetic-family-034,margalla-hills,4,family,semi_synthetic,1.0.0,20260810
synthetic-family-035,frere-hall,4,family,semi_synthetic,1.0.0,20260810
synthetic-family-035,mazar-e-quaid,4,family,semi_synthetic,1.0.0,20260810
synthetic-family-035,karimabad-bazaar,3,family,semi_synthetic,1.0.0,20260810
synthetic-family-035,lok-virsa,4,family,semi_synthetic,1.0.0,20260810
synthetic-family-035,attabad-lake,4,family,semi_synthetic,1.0.0,20260810
synthetic-family-035,baltit-fort,4,family,semi_synthetic,1.0.0,20260810
synthetic-family-035,faisal-mosque,4,family,semi_synthetic,1.0.0,20260810
synthetic-family-035,altit-fort,3,family,semi_synthetic,1.0.0,20260810
synthetic-family-035,anarkali-bazaar,3,family,semi_synthetic,1.0.0,20260810
synthetic-family-035,patriata,3,family,semi_synthetic,1.0.0,20260810
synthetic-family-036,attabad-lake,4,family,semi_synthetic,1.0.0,20260810
synthetic-family-036,shigar-fort,4,family,semi_synthetic,1.0.0,20260810
synthetic-family-036,satpara-lake,4,family,semi_synthetic,1.0.0,20260810
synthetic-family-036,lok-virsa,5,family,semi_synthetic,1.0.0,20260810
synthetic-family-036,malam-jabba,4,family,semi_synthetic,1.0.0,20260810
synthetic-family-036,margalla-hills,3,family,semi_synthetic,1.0.0,20260810
synthetic-family-036,swat-museum,4,family,semi_synthetic,1.0.0,20260810
synthetic-family-036,baltit-fort,3,family,semi_synthetic,1.0.0,20260810
synthetic-family-036,lahore-fort,4,family,semi_synthetic,1.0.0,20260810
synthetic-family-036,peshawar-museum,4,family,semi_synthetic,1.0.0,20260810
synthetic-family-037,shigar-fort,4,family,semi_synthetic,1.0.0,20260810
synthetic-family-037,upper-kachura,4,family,semi_synthetic,1.0.0,20260810
synthetic-family-037,swat-museum,4,family,semi_synthetic,1.0.0,20260810
synthetic-family-037,altit-fort,4,family,semi_synthetic,1.0.0,20260810
synthetic-family-037,clifton-beach,4,family,semi_synthetic,1.0.0,20260810
synthetic-family-037,margalla-hills,4,family,semi_synthetic,1.0.0,20260810
synthetic-family-037,lok-virsa,4,family,semi_synthetic,1.0.0,20260810
synthetic-family-037,burns-road,2,family,semi_synthetic,1.0.0,20260810
synthetic-family-037,pakistan-monument,4,family,semi_synthetic,1.0.0,20260810
synthetic-family-037,shalimar-gardens,5,family,semi_synthetic,1.0.0,20260810
synthetic-family-038,cold-desert,3,family,semi_synthetic,1.0.0,20260810
synthetic-family-038,altit-fort,3,family,semi_synthetic,1.0.0,20260810
synthetic-family-038,karimabad-bazaar,2,family,semi_synthetic,1.0.0,20260810
synthetic-family-038,pakistan-monument,4,family,semi_synthetic,1.0.0,20260810
synthetic-family-038,lahore-fort,3,family,semi_synthetic,1.0.0,20260810
synthetic-family-038,shigar-fort,3,family,semi_synthetic,1.0.0,20260810
synthetic-family-038,patriata,3,family,semi_synthetic,1.0.0,20260810
synthetic-family-038,upper-kachura,4,family,semi_synthetic,1.0.0,20260810
synthetic-family-038,mazar-e-quaid,4,family,semi_synthetic,1.0.0,20260810
synthetic-family-038,faisal-mosque,4,family,semi_synthetic,1.0.0,20260810
synthetic-family-039,satpara-lake,4,family,semi_synthetic,1.0.0,20260810
synthetic-family-039,clifton-beach,4,family,semi_synthetic,1.0.0,20260810
synthetic-family-039,malam-jabba,4,family,semi_synthetic,1.0.0,20260810
synthetic-family-039,rawal-lake,4,family,semi_synthetic,1.0.0,20260810
synthetic-family-039,shigar-fort,3,family,semi_synthetic,1.0.0,20260810
synthetic-family-039,anarkali-bazaar,2,family,semi_synthetic,1.0.0,20260810
synthetic-family-039,pakistan-monument,4,family,semi_synthetic,1.0.0,20260810
synthetic-family-039,mall-road,3,family,semi_synthetic,1.0.0,20260810
synthetic-family-039,margalla-hills,5,family,semi_synthetic,1.0.0,20260810
synthetic-family-039,lahore-museum,4,family,semi_synthetic,1.0.0,20260810
synthetic-food-000,shigar-fort,3,food,semi_synthetic,1.0.0,20260810
synthetic-food-000,mall-road,4,food,semi_synthetic,1.0.0,20260810
synthetic-food-000,bala-hisar,4,food,semi_synthetic,1.0.0,20260810
synthetic-food-000,lahore-fort,3,food,semi_synthetic,1.0.0,20260810
synthetic-food-000,swat-museum,4,food,semi_synthetic,1.0.0,20260810
synthetic-food-000,badshahi-mosque,2,food,semi_synthetic,1.0.0,20260810
synthetic-food-000,baltit-fort,3,food,semi_synthetic,1.0.0,20260810
synthetic-food-000,patriata,3,food,semi_synthetic,1.0.0,20260810
synthetic-food-000,passu-cones,3,food,semi_synthetic,1.0.0,20260810
synthetic-food-000,anarkali-bazaar,4,food,semi_synthetic,1.0.0,20260810
synthetic-food-001,karimabad-bazaar,4,food,semi_synthetic,1.0.0,20260810
synthetic-food-001,margalla-hills,3,food,semi_synthetic,1.0.0,20260810
synthetic-food-001,anarkali-bazaar,4,food,semi_synthetic,1.0.0,20260810
synthetic-food-001,passu-cones,2,food,semi_synthetic,1.0.0,20260810
synthetic-food-001,altit-fort,3,food,semi_synthetic,1.0.0,20260810
synthetic-food-001,baltit-fort,3,food,semi_synthetic,1.0.0,20260810
synthetic-food-001,shalimar-gardens,2,food,semi_synthetic,1.0.0,20260810
synthetic-food-001,badshahi-mosque,2,food,semi_synthetic,1.0.0,20260810
synthetic-food-001,attabad-lake,3,food,semi_synthetic,1.0.0,20260810
synthetic-food-001,peshawar-museum,3,food,semi_synthetic,1.0.0,20260810
synthetic-food-002,rawal-lake,2,food,semi_synthetic,1.0.0,20260810
synthetic-food-002,clifton-beach,2,food,semi_synthetic,1.0.0,20260810
synthetic-food-002,passu-cones,4,food,semi_synthetic,1.0.0,20260810
synthetic-food-002,attabad-lake,3,food,semi_synthetic,1.0.0,20260810
synthetic-food-002,burns-road,5,food,semi_synthetic,1.0.0,20260810
synthetic-food-002,mohatta-palace,4,food,semi_synthetic,1.0.0,20260810
synthetic-food-002,faisal-mosque,2,food,semi_synthetic,1.0.0,20260810
synthetic-food-002,karimabad-bazaar,4,food,semi_synthetic,1.0.0,20260810
synthetic-food-002,bala-hisar,3,food,semi_synthetic,1.0.0,20260810
synthetic-food-002,patriata,3,food,semi_synthetic,1.0.0,20260810
synthetic-food-003,mohatta-palace,3,food,semi_synthetic,1.0.0,20260810
synthetic-food-003,satpara-lake,4,food,semi_synthetic,1.0.0,20260810
synthetic-food-003,anarkali-bazaar,4,food,semi_synthetic,1.0.0,20260810
synthetic-food-003,karimabad-bazaar,4,food,semi_synthetic,1.0.0,20260810
synthetic-food-003,faisal-mosque,3,food,semi_synthetic,1.0.0,20260810
synthetic-food-003,lahore-fort,3,food,semi_synthetic,1.0.0,20260810
synthetic-food-003,baltit-fort,3,food,semi_synthetic,1.0.0,20260810
synthetic-food-003,malam-jabba,3,food,semi_synthetic,1.0.0,20260810
synthetic-food-003,lok-virsa,4,food,semi_synthetic,1.0.0,20260810
synthetic-food-003,peshawar-museum,3,food,semi_synthetic,1.0.0,20260810
synthetic-food-004,peshawar-museum,3,food,semi_synthetic,1.0.0,20260810
synthetic-food-004,patriata,2,food,semi_synthetic,1.0.0,20260810
synthetic-food-004,lahore-fort,2,food,semi_synthetic,1.0.0,20260810
synthetic-food-004,altit-fort,2,food,semi_synthetic,1.0.0,20260810
synthetic-food-004,upper-kachura,2,food,semi_synthetic,1.0.0,20260810
synthetic-food-004,malam-jabba,3,food,semi_synthetic,1.0.0,20260810
synthetic-food-004,shalimar-gardens,3,food,semi_synthetic,1.0.0,20260810
synthetic-food-004,lahore-museum,3,food,semi_synthetic,1.0.0,20260810
synthetic-food-004,pakistan-monument,4,food,semi_synthetic,1.0.0,20260810
synthetic-food-004,rawal-lake,2,food,semi_synthetic,1.0.0,20260810
synthetic-food-005,clifton-beach,3,food,semi_synthetic,1.0.0,20260810
synthetic-food-005,altit-fort,3,food,semi_synthetic,1.0.0,20260810
synthetic-food-005,badshahi-mosque,3,food,semi_synthetic,1.0.0,20260810
synthetic-food-005,lok-virsa,5,food,semi_synthetic,1.0.0,20260810
synthetic-food-005,baltit-fort,3,food,semi_synthetic,1.0.0,20260810
synthetic-food-005,pakistan-monument,3,food,semi_synthetic,1.0.0,20260810
synthetic-food-005,lahore-fort,3,food,semi_synthetic,1.0.0,20260810
synthetic-food-005,bala-hisar,3,food,semi_synthetic,1.0.0,20260810
synthetic-food-005,rawal-lake,2,food,semi_synthetic,1.0.0,20260810
synthetic-food-005,shalimar-gardens,2,food,semi_synthetic,1.0.0,20260810
synthetic-food-006,shigar-fort,3,food,semi_synthetic,1.0.0,20260810
synthetic-food-006,pakistan-monument,4,food,semi_synthetic,1.0.0,20260810
synthetic-food-006,bala-hisar,3,food,semi_synthetic,1.0.0,20260810
synthetic-food-006,shalimar-gardens,3,food,semi_synthetic,1.0.0,20260810
synthetic-food-006,lok-virsa,4,food,semi_synthetic,1.0.0,20260810
synthetic-food-006,faisal-mosque,3,food,semi_synthetic,1.0.0,20260810
synthetic-food-006,malam-jabba,3,food,semi_synthetic,1.0.0,20260810
synthetic-food-006,swat-museum,4,food,semi_synthetic,1.0.0,20260810
synthetic-food-006,anarkali-bazaar,3,food,semi_synthetic,1.0.0,20260810
synthetic-food-006,rawal-lake,2,food,semi_synthetic,1.0.0,20260810
synthetic-food-007,altit-fort,3,food,semi_synthetic,1.0.0,20260810
synthetic-food-007,frere-hall,3,food,semi_synthetic,1.0.0,20260810
synthetic-food-007,passu-cones,2,food,semi_synthetic,1.0.0,20260810
synthetic-food-007,lahore-fort,4,food,semi_synthetic,1.0.0,20260810
synthetic-food-007,anarkali-bazaar,4,food,semi_synthetic,1.0.0,20260810
synthetic-food-007,badshahi-mosque,3,food,semi_synthetic,1.0.0,20260810
synthetic-food-007,lok-virsa,4,food,semi_synthetic,1.0.0,20260810
synthetic-food-007,patriata,2,food,semi_synthetic,1.0.0,20260810
synthetic-food-007,malam-jabba,3,food,semi_synthetic,1.0.0,20260810
synthetic-food-007,lahore-museum,4,food,semi_synthetic,1.0.0,20260810
synthetic-food-008,patriata,3,food,semi_synthetic,1.0.0,20260810
synthetic-food-008,mazar-e-quaid,2,food,semi_synthetic,1.0.0,20260810
synthetic-food-008,attabad-lake,3,food,semi_synthetic,1.0.0,20260810
synthetic-food-008,shigar-fort,3,food,semi_synthetic,1.0.0,20260810
synthetic-food-008,baltit-fort,3,food,semi_synthetic,1.0.0,20260810
synthetic-food-008,margalla-hills,3,food,semi_synthetic,1.0.0,20260810
synthetic-food-008,malam-jabba,3,food,semi_synthetic,1.0.0,20260810
synthetic-food-008,burns-road,4,food,semi_synthetic,1.0.0,20260810
synthetic-food-008,anarkali-bazaar,3,food,semi_synthetic,1.0.0,20260810
synthetic-food-008,lok-virsa,4,food,semi_synthetic,1.0.0,20260810
synthetic-food-009,mohatta-palace,4,food,semi_synthetic,1.0.0,20260810
synthetic-food-009,cold-desert,3,food,semi_synthetic,1.0.0,20260810
synthetic-food-009,faisal-mosque,3,food,semi_synthetic,1.0.0,20260810
synthetic-food-009,patriata,3,food,semi_synthetic,1.0.0,20260810
synthetic-food-009,satpara-lake,2,food,semi_synthetic,1.0.0,20260810
synthetic-food-009,bala-hisar,3,food,semi_synthetic,1.0.0,20260810
synthetic-food-009,lok-virsa,4,food,semi_synthetic,1.0.0,20260810
synthetic-food-009,malam-jabba,2,food,semi_synthetic,1.0.0,20260810
synthetic-food-009,burns-road,5,food,semi_synthetic,1.0.0,20260810
synthetic-food-009,karimabad-bazaar,4,food,semi_synthetic,1.0.0,20260810
synthetic-food-010,anarkali-bazaar,4,food,semi_synthetic,1.0.0,20260810
synthetic-food-010,peshawar-museum,3,food,semi_synthetic,1.0.0,20260810
synthetic-food-010,margalla-hills,2,food,semi_synthetic,1.0.0,20260810
synthetic-food-010,lok-virsa,3,food,semi_synthetic,1.0.0,20260810
synthetic-food-010,mazar-e-quaid,2,food,semi_synthetic,1.0.0,20260810
synthetic-food-010,mall-road,4,food,semi_synthetic,1.0.0,20260810
synthetic-food-010,clifton-beach,2,food,semi_synthetic,1.0.0,20260810
synthetic-food-010,frere-hall,3,food,semi_synthetic,1.0.0,20260810
synthetic-food-010,burns-road,4,food,semi_synthetic,1.0.0,20260810
synthetic-food-010,lahore-museum,3,food,semi_synthetic,1.0.0,20260810
synthetic-food-011,peshawar-museum,3,food,semi_synthetic,1.0.0,20260810
synthetic-food-011,clifton-beach,2,food,semi_synthetic,1.0.0,20260810
synthetic-food-011,frere-hall,3,food,semi_synthetic,1.0.0,20260810
synthetic-food-011,altit-fort,2,food,semi_synthetic,1.0.0,20260810
synthetic-food-011,shalimar-gardens,3,food,semi_synthetic,1.0.0,20260810
synthetic-food-011,lahore-fort,2,food,semi_synthetic,1.0.0,20260810
synthetic-food-011,swat-museum,4,food,semi_synthetic,1.0.0,20260810
synthetic-food-011,shigar-fort,2,food,semi_synthetic,1.0.0,20260810
synthetic-food-011,bala-hisar,3,food,semi_synthetic,1.0.0,20260810
synthetic-food-011,upper-kachura,2,food,semi_synthetic,1.0.0,20260810
synthetic-food-012,mall-road,4,food,semi_synthetic,1.0.0,20260810
synthetic-food-012,frere-hall,2,food,semi_synthetic,1.0.0,20260810
synthetic-food-012,satpara-lake,3,food,semi_synthetic,1.0.0,20260810
synthetic-food-012,attabad-lake,2,food,semi_synthetic,1.0.0,20260810
synthetic-food-012,peshawar-museum,4,food,semi_synthetic,1.0.0,20260810
synthetic-food-012,passu-cones,3,food,semi_synthetic,1.0.0,20260810
synthetic-food-012,baltit-fort,2,food,semi_synthetic,1.0.0,20260810
synthetic-food-012,burns-road,5,food,semi_synthetic,1.0.0,20260810
synthetic-food-012,mazar-e-quaid,4,food,semi_synthetic,1.0.0,20260810
synthetic-food-012,rawal-lake,2,food,semi_synthetic,1.0.0,20260810
synthetic-food-013,anarkali-bazaar,4,food,semi_synthetic,1.0.0,20260810
synthetic-food-013,patriata,3,food,semi_synthetic,1.0.0,20260810
synthetic-food-013,mazar-e-quaid,3,food,semi_synthetic,1.0.0,20260810
synthetic-food-013,lahore-museum,3,food,semi_synthetic,1.0.0,20260810
synthetic-food-013,altit-fort,3,food,semi_synthetic,1.0.0,20260810
synthetic-food-013,bala-hisar,4,food,semi_synthetic,1.0.0,20260810
synthetic-food-013,swat-museum,4,food,semi_synthetic,1.0.0,20260810
synthetic-food-013,karimabad-bazaar,3,food,semi_synthetic,1.0.0,20260810
synthetic-food-013,peshawar-museum,4,food,semi_synthetic,1.0.0,20260810
synthetic-food-013,mall-road,4,food,semi_synthetic,1.0.0,20260810
synthetic-food-014,anarkali-bazaar,4,food,semi_synthetic,1.0.0,20260810
synthetic-food-014,swat-museum,3,food,semi_synthetic,1.0.0,20260810
synthetic-food-014,attabad-lake,2,food,semi_synthetic,1.0.0,20260810
synthetic-food-014,bala-hisar,3,food,semi_synthetic,1.0.0,20260810
synthetic-food-014,mazar-e-quaid,3,food,semi_synthetic,1.0.0,20260810
synthetic-food-014,margalla-hills,3,food,semi_synthetic,1.0.0,20260810
synthetic-food-014,baltit-fort,2,food,semi_synthetic,1.0.0,20260810
synthetic-food-014,altit-fort,4,food,semi_synthetic,1.0.0,20260810
synthetic-food-014,cold-desert,2,food,semi_synthetic,1.0.0,20260810
synthetic-food-014,upper-kachura,3,food,semi_synthetic,1.0.0,20260810
synthetic-food-015,attabad-lake,4,food,semi_synthetic,1.0.0,20260810
synthetic-food-015,baltit-fort,2,food,semi_synthetic,1.0.0,20260810
synthetic-food-015,passu-cones,3,food,semi_synthetic,1.0.0,20260810
synthetic-food-015,cold-desert,3,food,semi_synthetic,1.0.0,20260810
synthetic-food-015,swat-museum,3,food,semi_synthetic,1.0.0,20260810
synthetic-food-015,rawal-lake,3,food,semi_synthetic,1.0.0,20260810
synthetic-food-015,karimabad-bazaar,3,food,semi_synthetic,1.0.0,20260810
synthetic-food-015,mazar-e-quaid,2,food,semi_synthetic,1.0.0,20260810
synthetic-food-015,anarkali-bazaar,3,food,semi_synthetic,1.0.0,20260810
synthetic-food-015,lok-virsa,3,food,semi_synthetic,1.0.0,20260810
synthetic-food-016,burns-road,4,food,semi_synthetic,1.0.0,20260810
synthetic-food-016,karimabad-bazaar,4,food,semi_synthetic,1.0.0,20260810
synthetic-food-016,attabad-lake,3,food,semi_synthetic,1.0.0,20260810
synthetic-food-016,cold-desert,2,food,semi_synthetic,1.0.0,20260810
synthetic-food-016,lok-virsa,4,food,semi_synthetic,1.0.0,20260810
synthetic-food-016,shalimar-gardens,3,food,semi_synthetic,1.0.0,20260810
synthetic-food-016,baltit-fort,3,food,semi_synthetic,1.0.0,20260810
synthetic-food-016,upper-kachura,3,food,semi_synthetic,1.0.0,20260810
synthetic-food-016,satpara-lake,2,food,semi_synthetic,1.0.0,20260810
synthetic-food-016,mall-road,4,food,semi_synthetic,1.0.0,20260810
synthetic-food-017,burns-road,5,food,semi_synthetic,1.0.0,20260810
synthetic-food-017,swat-museum,4,food,semi_synthetic,1.0.0,20260810
synthetic-food-017,bala-hisar,3,food,semi_synthetic,1.0.0,20260810
synthetic-food-017,margalla-hills,2,food,semi_synthetic,1.0.0,20260810
synthetic-food-017,lok-virsa,3,food,semi_synthetic,1.0.0,20260810
synthetic-food-017,passu-cones,2,food,semi_synthetic,1.0.0,20260810
synthetic-food-017,satpara-lake,3,food,semi_synthetic,1.0.0,20260810
synthetic-food-017,clifton-beach,3,food,semi_synthetic,1.0.0,20260810
synthetic-food-017,malam-jabba,3,food,semi_synthetic,1.0.0,20260810
synthetic-food-017,upper-kachura,2,food,semi_synthetic,1.0.0,20260810
synthetic-food-018,clifton-beach,2,food,semi_synthetic,1.0.0,20260810
synthetic-food-018,shalimar-gardens,3,food,semi_synthetic,1.0.0,20260810
synthetic-food-018,pakistan-monument,3,food,semi_synthetic,1.0.0,20260810
synthetic-food-018,upper-kachura,3,food,semi_synthetic,1.0.0,20260810
synthetic-food-018,frere-hall,2,food,semi_synthetic,1.0.0,20260810
synthetic-food-018,swat-museum,4,food,semi_synthetic,1.0.0,20260810
synthetic-food-018,attabad-lake,3,food,semi_synthetic,1.0.0,20260810
synthetic-food-018,bala-hisar,3,food,semi_synthetic,1.0.0,20260810
synthetic-food-018,karimabad-bazaar,3,food,semi_synthetic,1.0.0,20260810
synthetic-food-018,rawal-lake,3,food,semi_synthetic,1.0.0,20260810
synthetic-food-019,burns-road,4,food,semi_synthetic,1.0.0,20260810
synthetic-food-019,patriata,3,food,semi_synthetic,1.0.0,20260810
synthetic-food-019,shigar-fort,3,food,semi_synthetic,1.0.0,20260810
synthetic-food-019,shalimar-gardens,3,food,semi_synthetic,1.0.0,20260810
synthetic-food-019,margalla-hills,3,food,semi_synthetic,1.0.0,20260810
synthetic-food-019,passu-cones,2,food,semi_synthetic,1.0.0,20260810
synthetic-food-019,lahore-fort,3,food,semi_synthetic,1.0.0,20260810
synthetic-food-019,satpara-lake,2,food,semi_synthetic,1.0.0,20260810
synthetic-food-019,upper-kachura,3,food,semi_synthetic,1.0.0,20260810
synthetic-food-019,altit-fort,3,food,semi_synthetic,1.0.0,20260810
synthetic-food-020,mazar-e-quaid,3,food,semi_synthetic,1.0.0,20260810
synthetic-food-020,clifton-beach,2,food,semi_synthetic,1.0.0,20260810
synthetic-food-020,patriata,3,food,semi_synthetic,1.0.0,20260810
synthetic-food-020,upper-kachura,3,food,semi_synthetic,1.0.0,20260810
synthetic-food-020,rawal-lake,3,food,semi_synthetic,1.0.0,20260810
synthetic-food-020,frere-hall,3,food,semi_synthetic,1.0.0,20260810
synthetic-food-020,karimabad-bazaar,3,food,semi_synthetic,1.0.0,20260810
synthetic-food-020,lahore-fort,3,food,semi_synthetic,1.0.0,20260810
synthetic-food-020,mohatta-palace,3,food,semi_synthetic,1.0.0,20260810
synthetic-food-020,attabad-lake,2,food,semi_synthetic,1.0.0,20260810
synthetic-food-021,burns-road,5,food,semi_synthetic,1.0.0,20260810
synthetic-food-021,upper-kachura,3,food,semi_synthetic,1.0.0,20260810
synthetic-food-021,shalimar-gardens,3,food,semi_synthetic,1.0.0,20260810
synthetic-food-021,karimabad-bazaar,4,food,semi_synthetic,1.0.0,20260810
synthetic-food-021,shigar-fort,3,food,semi_synthetic,1.0.0,20260810
synthetic-food-021,malam-jabba,3,food,semi_synthetic,1.0.0,20260810
synthetic-food-021,badshahi-mosque,3,food,semi_synthetic,1.0.0,20260810
synthetic-food-021,mohatta-palace,4,food,semi_synthetic,1.0.0,20260810
synthetic-food-021,anarkali-bazaar,3,food,semi_synthetic,1.0.0,20260810
synthetic-food-021,mall-road,4,food,semi_synthetic,1.0.0,20260810
synthetic-food-022,patriata,3,food,semi_synthetic,1.0.0,20260810
synthetic-food-022,pakistan-monument,3,food,semi_synthetic,1.0.0,20260810
synthetic-food-022,cold-desert,4,food,semi_synthetic,1.0.0,20260810
synthetic-food-022,mazar-e-quaid,4,food,semi_synthetic,1.0.0,20260810
synthetic-food-022,frere-hall,2,food,semi_synthetic,1.0.0,20260810
synthetic-food-022,margalla-hills,2,food,semi_synthetic,1.0.0,20260810
synthetic-food-022,burns-road,5,food,semi_synthetic,1.0.0,20260810
synthetic-food-022,altit-fort,3,food,semi_synthetic,1.0.0,20260810
synthetic-food-022,shigar-fort,3,food,semi_synthetic,1.0.0,20260810
synthetic-food-022,lahore-fort,2,food,semi_synthetic,1.0.0,20260810
synthetic-food-023,mall-road,5,food,semi_synthetic,1.0.0,20260810
synthetic-food-023,bala-hisar,2,food,semi_synthetic,1.0.0,20260810
synthetic-food-023,badshahi-mosque,3,food,semi_synthetic,1.0.0,20260810
synthetic-food-023,satpara-lake,3,food,semi_synthetic,1.0.0,20260810
synthetic-food-023,pakistan-monument,3,food,semi_synthetic,1.0.0,20260810
synthetic-food-023,frere-hall,3,food,semi_synthetic,1.0.0,20260810
synthetic-food-023,shalimar-gardens,3,food,semi_synthetic,1.0.0,20260810
synthetic-food-023,mohatta-palace,3,food,semi_synthetic,1.0.0,20260810
synthetic-food-023,lok-virsa,3,food,semi_synthetic,1.0.0,20260810
synthetic-food-023,shigar-fort,2,food,semi_synthetic,1.0.0,20260810
synthetic-food-024,attabad-lake,3,food,semi_synthetic,1.0.0,20260810
synthetic-food-024,peshawar-museum,4,food,semi_synthetic,1.0.0,20260810
synthetic-food-024,lahore-fort,3,food,semi_synthetic,1.0.0,20260810
synthetic-food-024,clifton-beach,2,food,semi_synthetic,1.0.0,20260810
synthetic-food-024,shigar-fort,2,food,semi_synthetic,1.0.0,20260810
synthetic-food-024,rawal-lake,3,food,semi_synthetic,1.0.0,20260810
synthetic-food-024,passu-cones,2,food,semi_synthetic,1.0.0,20260810
synthetic-food-024,badshahi-mosque,2,food,semi_synthetic,1.0.0,20260810
synthetic-food-024,malam-jabba,3,food,semi_synthetic,1.0.0,20260810
synthetic-food-024,lok-virsa,4,food,semi_synthetic,1.0.0,20260810
synthetic-food-025,upper-kachura,2,food,semi_synthetic,1.0.0,20260810
synthetic-food-025,anarkali-bazaar,4,food,semi_synthetic,1.0.0,20260810
synthetic-food-025,faisal-mosque,2,food,semi_synthetic,1.0.0,20260810
synthetic-food-025,malam-jabba,3,food,semi_synthetic,1.0.0,20260810
synthetic-food-025,shigar-fort,3,food,semi_synthetic,1.0.0,20260810
synthetic-food-025,bala-hisar,3,food,semi_synthetic,1.0.0,20260810
synthetic-food-025,mall-road,4,food,semi_synthetic,1.0.0,20260810
synthetic-food-025,shalimar-gardens,3,food,semi_synthetic,1.0.0,20260810
synthetic-food-025,frere-hall,3,food,semi_synthetic,1.0.0,20260810
synthetic-food-025,swat-museum,3,food,semi_synthetic,1.0.0,20260810
synthetic-food-026,passu-cones,3,food,semi_synthetic,1.0.0,20260810
synthetic-food-026,satpara-lake,3,food,semi_synthetic,1.0.0,20260810
synthetic-food-026,clifton-beach,3,food,semi_synthetic,1.0.0,20260810
synthetic-food-026,cold-desert,2,food,semi_synthetic,1.0.0,20260810
synthetic-food-026,bala-hisar,2,food,semi_synthetic,1.0.0,20260810
synthetic-food-026,badshahi-mosque,4,food,semi_synthetic,1.0.0,20260810
synthetic-food-026,attabad-lake,3,food,semi_synthetic,1.0.0,20260810
synthetic-food-026,margalla-hills,3,food,semi_synthetic,1.0.0,20260810
synthetic-food-026,lahore-fort,3,food,semi_synthetic,1.0.0,20260810
synthetic-food-026,anarkali-bazaar,5,food,semi_synthetic,1.0.0,20260810
synthetic-food-027,mall-road,4,food,semi_synthetic,1.0.0,20260810
synthetic-food-027,mohatta-palace,4,food,semi_synthetic,1.0.0,20260810
synthetic-food-027,margalla-hills,3,food,semi_synthetic,1.0.0,20260810
synthetic-food-027,mazar-e-quaid,3,food,semi_synthetic,1.0.0,20260810
synthetic-food-027,peshawar-museum,4,food,semi_synthetic,1.0.0,20260810
synthetic-food-027,passu-cones,2,food,semi_synthetic,1.0.0,20260810
synthetic-food-027,swat-museum,4,food,semi_synthetic,1.0.0,20260810
synthetic-food-027,shalimar-gardens,3,food,semi_synthetic,1.0.0,20260810
synthetic-food-027,badshahi-mosque,2,food,semi_synthetic,1.0.0,20260810
synthetic-food-027,clifton-beach,3,food,semi_synthetic,1.0.0,20260810
synthetic-food-028,rawal-lake,3,food,semi_synthetic,1.0.0,20260810
synthetic-food-028,lahore-fort,4,food,semi_synthetic,1.0.0,20260810
synthetic-food-028,patriata,2,food,semi_synthetic,1.0.0,20260810
synthetic-food-028,lok-virsa,3,food,semi_synthetic,1.0.0,20260810
synthetic-food-028,satpara-lake,3,food,semi_synthetic,1.0.0,20260810
synthetic-food-028,pakistan-monument,4,food,semi_synthetic,1.0.0,20260810
synthetic-food-028,anarkali-bazaar,4,food,semi_synthetic,1.0.0,20260810
synthetic-food-028,baltit-fort,3,food,semi_synthetic,1.0.0,20260810
synthetic-food-028,altit-fort,3,food,semi_synthetic,1.0.0,20260810
synthetic-food-028,bala-hisar,3,food,semi_synthetic,1.0.0,20260810
synthetic-food-029,margalla-hills,4,food,semi_synthetic,1.0.0,20260810
synthetic-food-029,attabad-lake,3,food,semi_synthetic,1.0.0,20260810
synthetic-food-029,clifton-beach,3,food,semi_synthetic,1.0.0,20260810
synthetic-food-029,malam-jabba,2,food,semi_synthetic,1.0.0,20260810
synthetic-food-029,shalimar-gardens,3,food,semi_synthetic,1.0.0,20260810
synthetic-food-029,baltit-fort,3,food,semi_synthetic,1.0.0,20260810
synthetic-food-029,mazar-e-quaid,3,food,semi_synthetic,1.0.0,20260810
synthetic-food-029,satpara-lake,3,food,semi_synthetic,1.0.0,20260810
synthetic-food-029,karimabad-bazaar,4,food,semi_synthetic,1.0.0,20260810
synthetic-food-029,burns-road,5,food,semi_synthetic,1.0.0,20260810
synthetic-food-030,mohatta-palace,4,food,semi_synthetic,1.0.0,20260810
synthetic-food-030,bala-hisar,3,food,semi_synthetic,1.0.0,20260810
synthetic-food-030,rawal-lake,2,food,semi_synthetic,1.0.0,20260810
synthetic-food-030,peshawar-museum,3,food,semi_synthetic,1.0.0,20260810
synthetic-food-030,attabad-lake,2,food,semi_synthetic,1.0.0,20260810
synthetic-food-030,shalimar-gardens,3,food,semi_synthetic,1.0.0,20260810
synthetic-food-030,satpara-lake,3,food,semi_synthetic,1.0.0,20260810
synthetic-food-030,anarkali-bazaar,4,food,semi_synthetic,1.0.0,20260810
synthetic-food-030,shigar-fort,3,food,semi_synthetic,1.0.0,20260810
synthetic-food-030,frere-hall,3,food,semi_synthetic,1.0.0,20260810
synthetic-food-031,passu-cones,3,food,semi_synthetic,1.0.0,20260810
synthetic-food-031,faisal-mosque,2,food,semi_synthetic,1.0.0,20260810
synthetic-food-031,lahore-museum,3,food,semi_synthetic,1.0.0,20260810
synthetic-food-031,upper-kachura,3,food,semi_synthetic,1.0.0,20260810
synthetic-food-031,shalimar-gardens,2,food,semi_synthetic,1.0.0,20260810
synthetic-food-031,badshahi-mosque,3,food,semi_synthetic,1.0.0,20260810
synthetic-food-031,lahore-fort,3,food,semi_synthetic,1.0.0,20260810
synthetic-food-031,shigar-fort,3,food,semi_synthetic,1.0.0,20260810
synthetic-food-031,anarkali-bazaar,3,food,semi_synthetic,1.0.0,20260810
synthetic-food-031,burns-road,5,food,semi_synthetic,1.0.0,20260810
synthetic-food-032,badshahi-mosque,2,food,semi_synthetic,1.0.0,20260810
synthetic-food-032,patriata,3,food,semi_synthetic,1.0.0,20260810
synthetic-food-032,clifton-beach,3,food,semi_synthetic,1.0.0,20260810
synthetic-food-032,rawal-lake,3,food,semi_synthetic,1.0.0,20260810
synthetic-food-032,mazar-e-quaid,3,food,semi_synthetic,1.0.0,20260810
synthetic-food-032,anarkali-bazaar,4,food,semi_synthetic,1.0.0,20260810
synthetic-food-032,karimabad-bazaar,3,food,semi_synthetic,1.0.0,20260810
synthetic-food-032,lahore-fort,3,food,semi_synthetic,1.0.0,20260810
synthetic-food-032,attabad-lake,2,food,semi_synthetic,1.0.0,20260810
synthetic-food-032,lok-virsa,4,food,semi_synthetic,1.0.0,20260810
synthetic-food-033,lok-virsa,2,food,semi_synthetic,1.0.0,20260810
synthetic-food-033,lahore-museum,3,food,semi_synthetic,1.0.0,20260810
synthetic-food-033,peshawar-museum,4,food,semi_synthetic,1.0.0,20260810
synthetic-food-033,altit-fort,3,food,semi_synthetic,1.0.0,20260810
synthetic-food-033,clifton-beach,3,food,semi_synthetic,1.0.0,20260810
synthetic-food-033,baltit-fort,2,food,semi_synthetic,1.0.0,20260810
synthetic-food-033,margalla-hills,2,food,semi_synthetic,1.0.0,20260810
synthetic-food-033,shigar-fort,4,food,semi_synthetic,1.0.0,20260810
synthetic-food-033,mohatta-palace,4,food,semi_synthetic,1.0.0,20260810
synthetic-food-033,pakistan-monument,3,food,semi_synthetic,1.0.0,20260810
synthetic-food-034,peshawar-museum,4,food,semi_synthetic,1.0.0,20260810
synthetic-food-034,bala-hisar,2,food,semi_synthetic,1.0.0,20260810
synthetic-food-034,upper-kachura,3,food,semi_synthetic,1.0.0,20260810
synthetic-food-034,mall-road,3,food,semi_synthetic,1.0.0,20260810
synthetic-food-034,shigar-fort,3,food,semi_synthetic,1.0.0,20260810
synthetic-food-034,malam-jabba,3,food,semi_synthetic,1.0.0,20260810
synthetic-food-034,baltit-fort,3,food,semi_synthetic,1.0.0,20260810
synthetic-food-034,passu-cones,4,food,semi_synthetic,1.0.0,20260810
synthetic-food-034,badshahi-mosque,3,food,semi_synthetic,1.0.0,20260810
synthetic-food-034,margalla-hills,3,food,semi_synthetic,1.0.0,20260810
synthetic-food-035,frere-hall,3,food,semi_synthetic,1.0.0,20260810
synthetic-food-035,mazar-e-quaid,2,food,semi_synthetic,1.0.0,20260810
synthetic-food-035,karimabad-bazaar,4,food,semi_synthetic,1.0.0,20260810
synthetic-food-035,lok-virsa,3,food,semi_synthetic,1.0.0,20260810
synthetic-food-035,attabad-lake,3,food,semi_synthetic,1.0.0,20260810
synthetic-food-035,baltit-fort,3,food,semi_synthetic,1.0.0,20260810
synthetic-food-035,faisal-mosque,2,food,semi_synthetic,1.0.0,20260810
synthetic-food-035,altit-fort,3,food,semi_synthetic,1.0.0,20260810
synthetic-food-035,anarkali-bazaar,3,food,semi_synthetic,1.0.0,20260810
synthetic-food-035,patriata,2,food,semi_synthetic,1.0.0,20260810
synthetic-food-036,attabad-lake,3,food,semi_synthetic,1.0.0,20260810
synthetic-food-036,shigar-fort,3,food,semi_synthetic,1.0.0,20260810
synthetic-food-036,satpara-lake,3,food,semi_synthetic,1.0.0,20260810
synthetic-food-036,lok-virsa,4,food,semi_synthetic,1.0.0,20260810
synthetic-food-036,malam-jabba,3,food,semi_synthetic,1.0.0,20260810
synthetic-food-036,margalla-hills,4,food,semi_synthetic,1.0.0,20260810
synthetic-food-036,swat-museum,3,food,semi_synthetic,1.0.0,20260810
synthetic-food-036,baltit-fort,3,food,semi_synthetic,1.0.0,20260810
synthetic-food-036,lahore-fort,3,food,semi_synthetic,1.0.0,20260810
synthetic-food-036,peshawar-museum,4,food,semi_synthetic,1.0.0,20260810
synthetic-food-037,shigar-fort,3,food,semi_synthetic,1.0.0,20260810
synthetic-food-037,upper-kachura,3,food,semi_synthetic,1.0.0,20260810
synthetic-food-037,swat-museum,3,food,semi_synthetic,1.0.0,20260810
synthetic-food-037,altit-fort,2,food,semi_synthetic,1.0.0,20260810
synthetic-food-037,clifton-beach,3,food,semi_synthetic,1.0.0,20260810
synthetic-food-037,margalla-hills,3,food,semi_synthetic,1.0.0,20260810
synthetic-food-037,lok-virsa,3,food,semi_synthetic,1.0.0,20260810
synthetic-food-037,burns-road,5,food,semi_synthetic,1.0.0,20260810
synthetic-food-037,pakistan-monument,3,food,semi_synthetic,1.0.0,20260810
synthetic-food-037,shalimar-gardens,3,food,semi_synthetic,1.0.0,20260810
synthetic-food-038,cold-desert,3,food,semi_synthetic,1.0.0,20260810
synthetic-food-038,altit-fort,3,food,semi_synthetic,1.0.0,20260810
synthetic-food-038,karimabad-bazaar,4,food,semi_synthetic,1.0.0,20260810
synthetic-food-038,pakistan-monument,3,food,semi_synthetic,1.0.0,20260810
synthetic-food-038,lahore-fort,3,food,semi_synthetic,1.0.0,20260810
synthetic-food-038,shigar-fort,3,food,semi_synthetic,1.0.0,20260810
synthetic-food-038,patriata,3,food,semi_synthetic,1.0.0,20260810
synthetic-food-038,upper-kachura,3,food,semi_synthetic,1.0.0,20260810
synthetic-food-038,mazar-e-quaid,3,food,semi_synthetic,1.0.0,20260810
synthetic-food-038,faisal-mosque,2,food,semi_synthetic,1.0.0,20260810
synthetic-food-039,satpara-lake,2,food,semi_synthetic,1.0.0,20260810
synthetic-food-039,clifton-beach,2,food,semi_synthetic,1.0.0,20260810
synthetic-food-039,malam-jabba,2,food,semi_synthetic,1.0.0,20260810
synthetic-food-039,rawal-lake,2,food,semi_synthetic,1.0.0,20260810
synthetic-food-039,shigar-fort,2,food,semi_synthetic,1.0.0,20260810
synthetic-food-039,anarkali-bazaar,4,food,semi_synthetic,1.0.0,20260810
synthetic-food-039,pakistan-monument,2,food,semi_synthetic,1.0.0,20260810
synthetic-food-039,mall-road,4,food,semi_synthetic,1.0.0,20260810
synthetic-food-039,margalla-hills,3,food,semi_synthetic,1.0.0,20260810
synthetic-food-039,lahore-museum,4,food,semi_synthetic,1.0.0,20260810
synthetic-adventure-000,shigar-fort,3,adventure,semi_synthetic,1.0.0,20260810
synthetic-adventure-000,mall-road,3,adventure,semi_synthetic,1.0.0,20260810
synthetic-adventure-000,bala-hisar,3,adventure,semi_synthetic,1.0.0,20260810
synthetic-adventure-000,lahore-fort,3,adventure,semi_synthetic,1.0.0,20260810
synthetic-adventure-000,swat-museum,3,adventure,semi_synthetic,1.0.0,20260810
synthetic-adventure-000,badshahi-mosque,3,adventure,semi_synthetic,1.0.0,20260810
synthetic-adventure-000,baltit-fort,3,adventure,semi_synthetic,1.0.0,20260810
synthetic-adventure-000,patriata,4,adventure,semi_synthetic,1.0.0,20260810
synthetic-adventure-000,passu-cones,4,adventure,semi_synthetic,1.0.0,20260810
synthetic-adventure-000,anarkali-bazaar,2,adventure,semi_synthetic,1.0.0,20260810
synthetic-adventure-001,karimabad-bazaar,4,adventure,semi_synthetic,1.0.0,20260810
synthetic-adventure-001,margalla-hills,4,adventure,semi_synthetic,1.0.0,20260810
synthetic-adventure-001,anarkali-bazaar,3,adventure,semi_synthetic,1.0.0,20260810
synthetic-adventure-001,passu-cones,5,adventure,semi_synthetic,1.0.0,20260810
synthetic-adventure-001,altit-fort,3,adventure,semi_synthetic,1.0.0,20260810
synthetic-adventure-001,baltit-fort,3,adventure,semi_synthetic,1.0.0,20260810
synthetic-adventure-001,shalimar-gardens,5,adventure,semi_synthetic,1.0.0,20260810
synthetic-adventure-001,badshahi-mosque,2,adventure,semi_synthetic,1.0.0,20260810
synthetic-adventure-001,attabad-lake,4,adventure,semi_synthetic,1.0.0,20260810
synthetic-adventure-001,peshawar-museum,3,adventure,semi_synthetic,1.0.0,20260810
synthetic-adventure-002,rawal-lake,4,adventure,semi_synthetic,1.0.0,20260810
synthetic-adventure-002,clifton-beach,4,adventure,semi_synthetic,1.0.0,20260810
synthetic-adventure-002,passu-cones,5,adventure,semi_synthetic,1.0.0,20260810
synthetic-adventure-002,attabad-lake,4,adventure,semi_synthetic,1.0.0,20260810
synthetic-adventure-002,burns-road,3,adventure,semi_synthetic,1.0.0,20260810
synthetic-adventure-002,mohatta-palace,3,adventure,semi_synthetic,1.0.0,20260810
synthetic-adventure-002,faisal-mosque,3,adventure,semi_synthetic,1.0.0,20260810
synthetic-adventure-002,karimabad-bazaar,3,adventure,semi_synthetic,1.0.0,20260810
synthetic-adventure-002,bala-hisar,3,adventure,semi_synthetic,1.0.0,20260810
synthetic-adventure-002,patriata,5,adventure,semi_synthetic,1.0.0,20260810
synthetic-adventure-003,mohatta-palace,3,adventure,semi_synthetic,1.0.0,20260810
synthetic-adventure-003,satpara-lake,4,adventure,semi_synthetic,1.0.0,20260810
synthetic-adventure-003,anarkali-bazaar,3,adventure,semi_synthetic,1.0.0,20260810
synthetic-adventure-003,karimabad-bazaar,3,adventure,semi_synthetic,1.0.0,20260810
synthetic-adventure-003,faisal-mosque,3,adventure,semi_synthetic,1.0.0,20260810
synthetic-adventure-003,lahore-fort,3,adventure,semi_synthetic,1.0.0,20260810
synthetic-adventure-003,baltit-fort,3,adventure,semi_synthetic,1.0.0,20260810
synthetic-adventure-003,malam-jabba,5,adventure,semi_synthetic,1.0.0,20260810
synthetic-adventure-003,lok-virsa,3,adventure,semi_synthetic,1.0.0,20260810
synthetic-adventure-003,peshawar-museum,3,adventure,semi_synthetic,1.0.0,20260810
synthetic-adventure-004,peshawar-museum,2,adventure,semi_synthetic,1.0.0,20260810
synthetic-adventure-004,patriata,4,adventure,semi_synthetic,1.0.0,20260810
synthetic-adventure-004,lahore-fort,3,adventure,semi_synthetic,1.0.0,20260810
synthetic-adventure-004,altit-fort,3,adventure,semi_synthetic,1.0.0,20260810
synthetic-adventure-004,upper-kachura,4,adventure,semi_synthetic,1.0.0,20260810
synthetic-adventure-004,malam-jabba,5,adventure,semi_synthetic,1.0.0,20260810
synthetic-adventure-004,shalimar-gardens,3,adventure,semi_synthetic,1.0.0,20260810
synthetic-adventure-004,lahore-museum,3,adventure,semi_synthetic,1.0.0,20260810
synthetic-adventure-004,pakistan-monument,3,adventure,semi_synthetic,1.0.0,20260810
synthetic-adventure-004,rawal-lake,3,adventure,semi_synthetic,1.0.0,20260810
synthetic-adventure-005,clifton-beach,4,adventure,semi_synthetic,1.0.0,20260810
synthetic-adventure-005,altit-fort,4,adventure,semi_synthetic,1.0.0,20260810
synthetic-adventure-005,badshahi-mosque,2,adventure,semi_synthetic,1.0.0,20260810
synthetic-adventure-005,lok-virsa,2,adventure,semi_synthetic,1.0.0,20260810
synthetic-adventure-005,baltit-fort,4,adventure,semi_synthetic,1.0.0,20260810
synthetic-adventure-005,pakistan-monument,3,adventure,semi_synthetic,1.0.0,20260810
synthetic-adventure-005,lahore-fort,4,adventure,semi_synthetic,1.0.0,20260810
synthetic-adventure-005,bala-hisar,2,adventure,semi_synthetic,1.0.0,20260810
synthetic-adventure-005,rawal-lake,4,adventure,semi_synthetic,1.0.0,20260810
synthetic-adventure-005,shalimar-gardens,5,adventure,semi_synthetic,1.0.0,20260810
synthetic-adventure-006,shigar-fort,3,adventure,semi_synthetic,1.0.0,20260810
synthetic-adventure-006,pakistan-monument,3,adventure,semi_synthetic,1.0.0,20260810
synthetic-adventure-006,bala-hisar,3,adventure,semi_synthetic,1.0.0,20260810
synthetic-adventure-006,shalimar-gardens,4,adventure,semi_synthetic,1.0.0,20260810
synthetic-adventure-006,lok-virsa,2,adventure,semi_synthetic,1.0.0,20260810
synthetic-adventure-006,faisal-mosque,2,adventure,semi_synthetic,1.0.0,20260810
synthetic-adventure-006,malam-jabba,5,adventure,semi_synthetic,1.0.0,20260810
synthetic-adventure-006,swat-museum,3,adventure,semi_synthetic,1.0.0,20260810
synthetic-adventure-006,anarkali-bazaar,3,adventure,semi_synthetic,1.0.0,20260810
synthetic-adventure-006,rawal-lake,4,adventure,semi_synthetic,1.0.0,20260810
synthetic-adventure-007,altit-fort,3,adventure,semi_synthetic,1.0.0,20260810
synthetic-adventure-007,frere-hall,3,adventure,semi_synthetic,1.0.0,20260810
synthetic-adventure-007,passu-cones,5,adventure,semi_synthetic,1.0.0,20260810
synthetic-adventure-007,lahore-fort,3,adventure,semi_synthetic,1.0.0,20260810
synthetic-adventure-007,anarkali-bazaar,3,adventure,semi_synthetic,1.0.0,20260810
synthetic-adventure-007,badshahi-mosque,3,adventure,semi_synthetic,1.0.0,20260810
synthetic-adventure-007,lok-virsa,2,adventure,semi_synthetic,1.0.0,20260810
synthetic-adventure-007,patriata,5,adventure,semi_synthetic,1.0.0,20260810
synthetic-adventure-007,malam-jabba,5,adventure,semi_synthetic,1.0.0,20260810
synthetic-adventure-007,lahore-museum,2,adventure,semi_synthetic,1.0.0,20260810
synthetic-adventure-008,patriata,5,adventure,semi_synthetic,1.0.0,20260810
synthetic-adventure-008,mazar-e-quaid,3,adventure,semi_synthetic,1.0.0,20260810
synthetic-adventure-008,attabad-lake,4,adventure,semi_synthetic,1.0.0,20260810
synthetic-adventure-008,shigar-fort,3,adventure,semi_synthetic,1.0.0,20260810
synthetic-adventure-008,baltit-fort,3,adventure,semi_synthetic,1.0.0,20260810
synthetic-adventure-008,margalla-hills,4,adventure,semi_synthetic,1.0.0,20260810
synthetic-adventure-008,malam-jabba,5,adventure,semi_synthetic,1.0.0,20260810
synthetic-adventure-008,burns-road,4,adventure,semi_synthetic,1.0.0,20260810
synthetic-adventure-008,anarkali-bazaar,3,adventure,semi_synthetic,1.0.0,20260810
synthetic-adventure-008,lok-virsa,2,adventure,semi_synthetic,1.0.0,20260810
synthetic-adventure-009,mohatta-palace,2,adventure,semi_synthetic,1.0.0,20260810
synthetic-adventure-009,cold-desert,4,adventure,semi_synthetic,1.0.0,20260810
synthetic-adventure-009,faisal-mosque,3,adventure,semi_synthetic,1.0.0,20260810
synthetic-adventure-009,patriata,5,adventure,semi_synthetic,1.0.0,20260810
synthetic-adventure-009,satpara-lake,4,adventure,semi_synthetic,1.0.0,20260810
synthetic-adventure-009,bala-hisar,3,adventure,semi_synthetic,1.0.0,20260810
synthetic-adventure-009,lok-virsa,2,adventure,semi_synthetic,1.0.0,20260810
synthetic-adventure-009,malam-jabba,5,adventure,semi_synthetic,1.0.0,20260810
synthetic-adventure-009,burns-road,3,adventure,semi_synthetic,1.0.0,20260810
synthetic-adventure-009,karimabad-bazaar,4,adventure,semi_synthetic,1.0.0,20260810
synthetic-adventure-010,anarkali-bazaar,2,adventure,semi_synthetic,1.0.0,20260810
synthetic-adventure-010,peshawar-museum,3,adventure,semi_synthetic,1.0.0,20260810
synthetic-adventure-010,margalla-hills,5,adventure,semi_synthetic,1.0.0,20260810
synthetic-adventure-010,lok-virsa,3,adventure,semi_synthetic,1.0.0,20260810
synthetic-adventure-010,mazar-e-quaid,3,adventure,semi_synthetic,1.0.0,20260810
synthetic-adventure-010,mall-road,2,adventure,semi_synthetic,1.0.0,20260810
synthetic-adventure-010,clifton-beach,4,adventure,semi_synthetic,1.0.0,20260810
synthetic-adventure-010,frere-hall,3,adventure,semi_synthetic,1.0.0,20260810
synthetic-adventure-010,burns-road,3,adventure,semi_synthetic,1.0.0,20260810
synthetic-adventure-010,lahore-museum,3,adventure,semi_synthetic,1.0.0,20260810
synthetic-adventure-011,peshawar-museum,3,adventure,semi_synthetic,1.0.0,20260810
synthetic-adventure-011,clifton-beach,4,adventure,semi_synthetic,1.0.0,20260810
synthetic-adventure-011,frere-hall,3,adventure,semi_synthetic,1.0.0,20260810
synthetic-adventure-011,altit-fort,3,adventure,semi_synthetic,1.0.0,20260810
synthetic-adventure-011,shalimar-gardens,5,adventure,semi_synthetic,1.0.0,20260810
synthetic-adventure-011,lahore-fort,4,adventure,semi_synthetic,1.0.0,20260810
synthetic-adventure-011,swat-museum,3,adventure,semi_synthetic,1.0.0,20260810
synthetic-adventure-011,shigar-fort,3,adventure,semi_synthetic,1.0.0,20260810
synthetic-adventure-011,bala-hisar,4,adventure,semi_synthetic,1.0.0,20260810
synthetic-adventure-011,upper-kachura,4,adventure,semi_synthetic,1.0.0,20260810
synthetic-adventure-012,mall-road,3,adventure,semi_synthetic,1.0.0,20260810
synthetic-adventure-012,frere-hall,3,adventure,semi_synthetic,1.0.0,20260810
synthetic-adventure-012,satpara-lake,4,adventure,semi_synthetic,1.0.0,20260810
synthetic-adventure-012,attabad-lake,4,adventure,semi_synthetic,1.0.0,20260810
synthetic-adventure-012,peshawar-museum,3,adventure,semi_synthetic,1.0.0,20260810
synthetic-adventure-012,passu-cones,4,adventure,semi_synthetic,1.0.0,20260810
synthetic-adventure-012,baltit-fort,3,adventure,semi_synthetic,1.0.0,20260810
synthetic-adventure-012,burns-road,3,adventure,semi_synthetic,1.0.0,20260810
synthetic-adventure-012,mazar-e-quaid,3,adventure,semi_synthetic,1.0.0,20260810
synthetic-adventure-012,rawal-lake,5,adventure,semi_synthetic,1.0.0,20260810
synthetic-adventure-013,anarkali-bazaar,3,adventure,semi_synthetic,1.0.0,20260810
synthetic-adventure-013,patriata,5,adventure,semi_synthetic,1.0.0,20260810
synthetic-adventure-013,mazar-e-quaid,2,adventure,semi_synthetic,1.0.0,20260810
synthetic-adventure-013,lahore-museum,3,adventure,semi_synthetic,1.0.0,20260810
synthetic-adventure-013,altit-fort,3,adventure,semi_synthetic,1.0.0,20260810
synthetic-adventure-013,bala-hisar,3,adventure,semi_synthetic,1.0.0,20260810
synthetic-adventure-013,swat-museum,3,adventure,semi_synthetic,1.0.0,20260810
synthetic-adventure-013,karimabad-bazaar,3,adventure,semi_synthetic,1.0.0,20260810
synthetic-adventure-013,peshawar-museum,3,adventure,semi_synthetic,1.0.0,20260810
synthetic-adventure-013,mall-road,3,adventure,semi_synthetic,1.0.0,20260810
synthetic-adventure-014,anarkali-bazaar,3,adventure,semi_synthetic,1.0.0,20260810
synthetic-adventure-014,swat-museum,3,adventure,semi_synthetic,1.0.0,20260810
synthetic-adventure-014,attabad-lake,4,adventure,semi_synthetic,1.0.0,20260810
synthetic-adventure-014,bala-hisar,3,adventure,semi_synthetic,1.0.0,20260810
synthetic-adventure-014,mazar-e-quaid,3,adventure,semi_synthetic,1.0.0,20260810
synthetic-adventure-014,margalla-hills,4,adventure,semi_synthetic,1.0.0,20260810
synthetic-adventure-014,baltit-fort,2,adventure,semi_synthetic,1.0.0,20260810
synthetic-adventure-014,altit-fort,3,adventure,semi_synthetic,1.0.0,20260810
synthetic-adventure-014,cold-desert,5,adventure,semi_synthetic,1.0.0,20260810
synthetic-adventure-014,upper-kachura,4,adventure,semi_synthetic,1.0.0,20260810
synthetic-adventure-015,attabad-lake,4,adventure,semi_synthetic,1.0.0,20260810
synthetic-adventure-015,baltit-fort,3,adventure,semi_synthetic,1.0.0,20260810
synthetic-adventure-015,passu-cones,5,adventure,semi_synthetic,1.0.0,20260810
synthetic-adventure-015,cold-desert,5,adventure,semi_synthetic,1.0.0,20260810
synthetic-adventure-015,swat-museum,3,adventure,semi_synthetic,1.0.0,20260810
synthetic-adventure-015,rawal-lake,4,adventure,semi_synthetic,1.0.0,20260810
synthetic-adventure-015,karimabad-bazaar,3,adventure,semi_synthetic,1.0.0,20260810
synthetic-adventure-015,mazar-e-quaid,2,adventure,semi_synthetic,1.0.0,20260810
synthetic-adventure-015,anarkali-bazaar,3,adventure,semi_synthetic,1.0.0,20260810
synthetic-adventure-015,lok-virsa,2,adventure,semi_synthetic,1.0.0,20260810
synthetic-adventure-016,burns-road,3,adventure,semi_synthetic,1.0.0,20260810
synthetic-adventure-016,karimabad-bazaar,3,adventure,semi_synthetic,1.0.0,20260810
synthetic-adventure-016,attabad-lake,4,adventure,semi_synthetic,1.0.0,20260810
synthetic-adventure-016,cold-desert,4,adventure,semi_synthetic,1.0.0,20260810
synthetic-adventure-016,lok-virsa,3,adventure,semi_synthetic,1.0.0,20260810
synthetic-adventure-016,shalimar-gardens,5,adventure,semi_synthetic,1.0.0,20260810
synthetic-adventure-016,baltit-fort,3,adventure,semi_synthetic,1.0.0,20260810
synthetic-adventure-016,upper-kachura,4,adventure,semi_synthetic,1.0.0,20260810
synthetic-adventure-016,satpara-lake,4,adventure,semi_synthetic,1.0.0,20260810
synthetic-adventure-016,mall-road,2,adventure,semi_synthetic,1.0.0,20260810
synthetic-adventure-017,burns-road,3,adventure,semi_synthetic,1.0.0,20260810
synthetic-adventure-017,swat-museum,3,adventure,semi_synthetic,1.0.0,20260810
synthetic-adventure-017,bala-hisar,3,adventure,semi_synthetic,1.0.0,20260810
synthetic-adventure-017,margalla-hills,5,adventure,semi_synthetic,1.0.0,20260810
synthetic-adventure-017,lok-virsa,3,adventure,semi_synthetic,1.0.0,20260810
synthetic-adventure-017,passu-cones,4,adventure,semi_synthetic,1.0.0,20260810
synthetic-adventure-017,satpara-lake,3,adventure,semi_synthetic,1.0.0,20260810
synthetic-adventure-017,clifton-beach,4,adventure,semi_synthetic,1.0.0,20260810
synthetic-adventure-017,malam-jabba,4,adventure,semi_synthetic,1.0.0,20260810
synthetic-adventure-017,upper-kachura,4,adventure,semi_synthetic,1.0.0,20260810
synthetic-adventure-018,clifton-beach,4,adventure,semi_synthetic,1.0.0,20260810
synthetic-adventure-018,shalimar-gardens,5,adventure,semi_synthetic,1.0.0,20260810
synthetic-adventure-018,pakistan-monument,2,adventure,semi_synthetic,1.0.0,20260810
synthetic-adventure-018,upper-kachura,4,adventure,semi_synthetic,1.0.0,20260810
synthetic-adventure-018,frere-hall,3,adventure,semi_synthetic,1.0.0,20260810
synthetic-adventure-018,swat-museum,2,adventure,semi_synthetic,1.0.0,20260810
synthetic-adventure-018,attabad-lake,3,adventure,semi_synthetic,1.0.0,20260810
synthetic-adventure-018,bala-hisar,3,adventure,semi_synthetic,1.0.0,20260810
synthetic-adventure-018,karimabad-bazaar,3,adventure,semi_synthetic,1.0.0,20260810
synthetic-adventure-018,rawal-lake,4,adventure,semi_synthetic,1.0.0,20260810
synthetic-adventure-019,burns-road,3,adventure,semi_synthetic,1.0.0,20260810
synthetic-adventure-019,patriata,4,adventure,semi_synthetic,1.0.0,20260810
synthetic-adventure-019,shigar-fort,3,adventure,semi_synthetic,1.0.0,20260810
synthetic-adventure-019,shalimar-gardens,4,adventure,semi_synthetic,1.0.0,20260810
synthetic-adventure-019,margalla-hills,5,adventure,semi_synthetic,1.0.0,20260810
synthetic-adventure-019,passu-cones,5,adventure,semi_synthetic,1.0.0,20260810
synthetic-adventure-019,lahore-fort,3,adventure,semi_synthetic,1.0.0,20260810
synthetic-adventure-019,satpara-lake,5,adventure,semi_synthetic,1.0.0,20260810
synthetic-adventure-019,upper-kachura,4,adventure,semi_synthetic,1.0.0,20260810
synthetic-adventure-019,altit-fort,3,adventure,semi_synthetic,1.0.0,20260810
synthetic-adventure-020,mazar-e-quaid,2,adventure,semi_synthetic,1.0.0,20260810
synthetic-adventure-020,clifton-beach,5,adventure,semi_synthetic,1.0.0,20260810
synthetic-adventure-020,patriata,5,adventure,semi_synthetic,1.0.0,20260810
synthetic-adventure-020,upper-kachura,4,adventure,semi_synthetic,1.0.0,20260810
synthetic-adventure-020,rawal-lake,4,adventure,semi_synthetic,1.0.0,20260810
synthetic-adventure-020,frere-hall,3,adventure,semi_synthetic,1.0.0,20260810
synthetic-adventure-020,karimabad-bazaar,3,adventure,semi_synthetic,1.0.0,20260810
synthetic-adventure-020,lahore-fort,2,adventure,semi_synthetic,1.0.0,20260810
synthetic-adventure-020,mohatta-palace,3,adventure,semi_synthetic,1.0.0,20260810
synthetic-adventure-020,attabad-lake,4,adventure,semi_synthetic,1.0.0,20260810
synthetic-adventure-021,burns-road,3,adventure,semi_synthetic,1.0.0,20260810
synthetic-adventure-021,upper-kachura,4,adventure,semi_synthetic,1.0.0,20260810
synthetic-adventure-021,shalimar-gardens,4,adventure,semi_synthetic,1.0.0,20260810
synthetic-adventure-021,karimabad-bazaar,3,adventure,semi_synthetic,1.0.0,20260810
synthetic-adventure-021,shigar-fort,3,adventure,semi_synthetic,1.0.0,20260810
synthetic-adventure-021,malam-jabba,5,adventure,semi_synthetic,1.0.0,20260810
synthetic-adventure-021,badshahi-mosque,3,adventure,semi_synthetic,1.0.0,20260810
synthetic-adventure-021,mohatta-palace,3,adventure,semi_synthetic,1.0.0,20260810
synthetic-adventure-021,anarkali-bazaar,2,adventure,semi_synthetic,1.0.0,20260810
synthetic-adventure-021,mall-road,3,adventure,semi_synthetic,1.0.0,20260810
synthetic-adventure-022,patriata,5,adventure,semi_synthetic,1.0.0,20260810
synthetic-adventure-022,pakistan-monument,3,adventure,semi_synthetic,1.0.0,20260810
synthetic-adventure-022,cold-desert,4,adventure,semi_synthetic,1.0.0,20260810
synthetic-adventure-022,mazar-e-quaid,3,adventure,semi_synthetic,1.0.0,20260810
synthetic-adventure-022,frere-hall,3,adventure,semi_synthetic,1.0.0,20260810
synthetic-adventure-022,margalla-hills,4,adventure,semi_synthetic,1.0.0,20260810
synthetic-adventure-022,burns-road,3,adventure,semi_synthetic,1.0.0,20260810
synthetic-adventure-022,altit-fort,3,adventure,semi_synthetic,1.0.0,20260810
synthetic-adventure-022,shigar-fort,2,adventure,semi_synthetic,1.0.0,20260810
synthetic-adventure-022,lahore-fort,3,adventure,semi_synthetic,1.0.0,20260810
synthetic-adventure-023,mall-road,3,adventure,semi_synthetic,1.0.0,20260810
synthetic-adventure-023,bala-hisar,3,adventure,semi_synthetic,1.0.0,20260810
synthetic-adventure-023,badshahi-mosque,3,adventure,semi_synthetic,1.0.0,20260810
synthetic-adventure-023,satpara-lake,4,adventure,semi_synthetic,1.0.0,20260810
synthetic-adventure-023,pakistan-monument,2,adventure,semi_synthetic,1.0.0,20260810
synthetic-adventure-023,frere-hall,2,adventure,semi_synthetic,1.0.0,20260810
synthetic-adventure-023,shalimar-gardens,5,adventure,semi_synthetic,1.0.0,20260810
synthetic-adventure-023,mohatta-palace,3,adventure,semi_synthetic,1.0.0,20260810
synthetic-adventure-023,lok-virsa,3,adventure,semi_synthetic,1.0.0,20260810
synthetic-adventure-023,shigar-fort,3,adventure,semi_synthetic,1.0.0,20260810
synthetic-adventure-024,attabad-lake,4,adventure,semi_synthetic,1.0.0,20260810
synthetic-adventure-024,peshawar-museum,3,adventure,semi_synthetic,1.0.0,20260810
synthetic-adventure-024,lahore-fort,2,adventure,semi_synthetic,1.0.0,20260810
synthetic-adventure-024,clifton-beach,4,adventure,semi_synthetic,1.0.0,20260810
synthetic-adventure-024,shigar-fort,2,adventure,semi_synthetic,1.0.0,20260810
synthetic-adventure-024,rawal-lake,5,adventure,semi_synthetic,1.0.0,20260810
synthetic-adventure-024,passu-cones,4,adventure,semi_synthetic,1.0.0,20260810
synthetic-adventure-024,badshahi-mosque,2,adventure,semi_synthetic,1.0.0,20260810
synthetic-adventure-024,malam-jabba,4,adventure,semi_synthetic,1.0.0,20260810
synthetic-adventure-024,lok-virsa,3,adventure,semi_synthetic,1.0.0,20260810
synthetic-adventure-025,upper-kachura,4,adventure,semi_synthetic,1.0.0,20260810
synthetic-adventure-025,anarkali-bazaar,3,adventure,semi_synthetic,1.0.0,20260810
synthetic-adventure-025,faisal-mosque,3,adventure,semi_synthetic,1.0.0,20260810
synthetic-adventure-025,malam-jabba,4,adventure,semi_synthetic,1.0.0,20260810
synthetic-adventure-025,shigar-fort,3,adventure,semi_synthetic,1.0.0,20260810
synthetic-adventure-025,bala-hisar,3,adventure,semi_synthetic,1.0.0,20260810
synthetic-adventure-025,mall-road,2,adventure,semi_synthetic,1.0.0,20260810
synthetic-adventure-025,shalimar-gardens,4,adventure,semi_synthetic,1.0.0,20260810
synthetic-adventure-025,frere-hall,3,adventure,semi_synthetic,1.0.0,20260810
synthetic-adventure-025,swat-museum,3,adventure,semi_synthetic,1.0.0,20260810
synthetic-adventure-026,passu-cones,5,adventure,semi_synthetic,1.0.0,20260810
synthetic-adventure-026,satpara-lake,5,adventure,semi_synthetic,1.0.0,20260810
synthetic-adventure-026,clifton-beach,5,adventure,semi_synthetic,1.0.0,20260810
synthetic-adventure-026,cold-desert,5,adventure,semi_synthetic,1.0.0,20260810
synthetic-adventure-026,bala-hisar,3,adventure,semi_synthetic,1.0.0,20260810
synthetic-adventure-026,badshahi-mosque,3,adventure,semi_synthetic,1.0.0,20260810
synthetic-adventure-026,attabad-lake,4,adventure,semi_synthetic,1.0.0,20260810
synthetic-adventure-026,margalla-hills,4,adventure,semi_synthetic,1.0.0,20260810
synthetic-adventure-026,lahore-fort,3,adventure,semi_synthetic,1.0.0,20260810
synthetic-adventure-026,anarkali-bazaar,3,adventure,semi_synthetic,1.0.0,20260810
synthetic-adventure-027,mall-road,3,adventure,semi_synthetic,1.0.0,20260810
synthetic-adventure-027,mohatta-palace,3,adventure,semi_synthetic,1.0.0,20260810
synthetic-adventure-027,margalla-hills,4,adventure,semi_synthetic,1.0.0,20260810
synthetic-adventure-027,mazar-e-quaid,4,adventure,semi_synthetic,1.0.0,20260810
synthetic-adventure-027,peshawar-museum,3,adventure,semi_synthetic,1.0.0,20260810
synthetic-adventure-027,passu-cones,4,adventure,semi_synthetic,1.0.0,20260810
synthetic-adventure-027,swat-museum,3,adventure,semi_synthetic,1.0.0,20260810
synthetic-adventure-027,shalimar-gardens,4,adventure,semi_synthetic,1.0.0,20260810
synthetic-adventure-027,badshahi-mosque,3,adventure,semi_synthetic,1.0.0,20260810
synthetic-adventure-027,clifton-beach,4,adventure,semi_synthetic,1.0.0,20260810
synthetic-adventure-028,rawal-lake,4,adventure,semi_synthetic,1.0.0,20260810
synthetic-adventure-028,lahore-fort,3,adventure,semi_synthetic,1.0.0,20260810
synthetic-adventure-028,patriata,5,adventure,semi_synthetic,1.0.0,20260810
synthetic-adventure-028,lok-virsa,2,adventure,semi_synthetic,1.0.0,20260810
synthetic-adventure-028,satpara-lake,5,adventure,semi_synthetic,1.0.0,20260810
synthetic-adventure-028,pakistan-monument,2,adventure,semi_synthetic,1.0.0,20260810
synthetic-adventure-028,anarkali-bazaar,3,adventure,semi_synthetic,1.0.0,20260810
synthetic-adventure-028,baltit-fort,4,adventure,semi_synthetic,1.0.0,20260810
synthetic-adventure-028,altit-fort,3,adventure,semi_synthetic,1.0.0,20260810
synthetic-adventure-028,bala-hisar,3,adventure,semi_synthetic,1.0.0,20260810
synthetic-adventure-029,margalla-hills,4,adventure,semi_synthetic,1.0.0,20260810
synthetic-adventure-029,attabad-lake,4,adventure,semi_synthetic,1.0.0,20260810
synthetic-adventure-029,clifton-beach,5,adventure,semi_synthetic,1.0.0,20260810
synthetic-adventure-029,malam-jabba,4,adventure,semi_synthetic,1.0.0,20260810
synthetic-adventure-029,shalimar-gardens,5,adventure,semi_synthetic,1.0.0,20260810
synthetic-adventure-029,baltit-fort,3,adventure,semi_synthetic,1.0.0,20260810
synthetic-adventure-029,mazar-e-quaid,3,adventure,semi_synthetic,1.0.0,20260810
synthetic-adventure-029,satpara-lake,4,adventure,semi_synthetic,1.0.0,20260810
synthetic-adventure-029,karimabad-bazaar,3,adventure,semi_synthetic,1.0.0,20260810
synthetic-adventure-029,burns-road,3,adventure,semi_synthetic,1.0.0,20260810
synthetic-adventure-030,mohatta-palace,3,adventure,semi_synthetic,1.0.0,20260810
synthetic-adventure-030,bala-hisar,3,adventure,semi_synthetic,1.0.0,20260810
synthetic-adventure-030,rawal-lake,4,adventure,semi_synthetic,1.0.0,20260810
synthetic-adventure-030,peshawar-museum,3,adventure,semi_synthetic,1.0.0,20260810
synthetic-adventure-030,attabad-lake,4,adventure,semi_synthetic,1.0.0,20260810
synthetic-adventure-030,shalimar-gardens,4,adventure,semi_synthetic,1.0.0,20260810
synthetic-adventure-030,satpara-lake,5,adventure,semi_synthetic,1.0.0,20260810
synthetic-adventure-030,anarkali-bazaar,2,adventure,semi_synthetic,1.0.0,20260810
synthetic-adventure-030,shigar-fort,4,adventure,semi_synthetic,1.0.0,20260810
synthetic-adventure-030,frere-hall,3,adventure,semi_synthetic,1.0.0,20260810
synthetic-adventure-031,passu-cones,4,adventure,semi_synthetic,1.0.0,20260810
synthetic-adventure-031,faisal-mosque,2,adventure,semi_synthetic,1.0.0,20260810
synthetic-adventure-031,lahore-museum,4,adventure,semi_synthetic,1.0.0,20260810
synthetic-adventure-031,upper-kachura,4,adventure,semi_synthetic,1.0.0,20260810
synthetic-adventure-031,shalimar-gardens,5,adventure,semi_synthetic,1.0.0,20260810
synthetic-adventure-031,badshahi-mosque,3,adventure,semi_synthetic,1.0.0,20260810
synthetic-adventure-031,lahore-fort,3,adventure,semi_synthetic,1.0.0,20260810
synthetic-adventure-031,shigar-fort,3,adventure,semi_synthetic,1.0.0,20260810
synthetic-adventure-031,anarkali-bazaar,3,adventure,semi_synthetic,1.0.0,20260810
synthetic-adventure-031,burns-road,2,adventure,semi_synthetic,1.0.0,20260810
synthetic-adventure-032,badshahi-mosque,3,adventure,semi_synthetic,1.0.0,20260810
synthetic-adventure-032,patriata,4,adventure,semi_synthetic,1.0.0,20260810
synthetic-adventure-032,clifton-beach,4,adventure,semi_synthetic,1.0.0,20260810
synthetic-adventure-032,rawal-lake,5,adventure,semi_synthetic,1.0.0,20260810
synthetic-adventure-032,mazar-e-quaid,2,adventure,semi_synthetic,1.0.0,20260810
synthetic-adventure-032,anarkali-bazaar,3,adventure,semi_synthetic,1.0.0,20260810
synthetic-adventure-032,karimabad-bazaar,3,adventure,semi_synthetic,1.0.0,20260810
synthetic-adventure-032,lahore-fort,3,adventure,semi_synthetic,1.0.0,20260810
synthetic-adventure-032,attabad-lake,4,adventure,semi_synthetic,1.0.0,20260810
synthetic-adventure-032,lok-virsa,3,adventure,semi_synthetic,1.0.0,20260810
synthetic-adventure-033,lok-virsa,2,adventure,semi_synthetic,1.0.0,20260810
synthetic-adventure-033,lahore-museum,3,adventure,semi_synthetic,1.0.0,20260810
synthetic-adventure-033,peshawar-museum,3,adventure,semi_synthetic,1.0.0,20260810
synthetic-adventure-033,altit-fort,3,adventure,semi_synthetic,1.0.0,20260810
synthetic-adventure-033,clifton-beach,4,adventure,semi_synthetic,1.0.0,20260810
synthetic-adventure-033,baltit-fort,3,adventure,semi_synthetic,1.0.0,20260810
synthetic-adventure-033,margalla-hills,3,adventure,semi_synthetic,1.0.0,20260810
synthetic-adventure-033,shigar-fort,3,adventure,semi_synthetic,1.0.0,20260810
synthetic-adventure-033,mohatta-palace,2,adventure,semi_synthetic,1.0.0,20260810
synthetic-adventure-033,pakistan-monument,3,adventure,semi_synthetic,1.0.0,20260810
synthetic-adventure-034,peshawar-museum,3,adventure,semi_synthetic,1.0.0,20260810
synthetic-adventure-034,bala-hisar,3,adventure,semi_synthetic,1.0.0,20260810
synthetic-adventure-034,upper-kachura,4,adventure,semi_synthetic,1.0.0,20260810
synthetic-adventure-034,mall-road,3,adventure,semi_synthetic,1.0.0,20260810
synthetic-adventure-034,shigar-fort,3,adventure,semi_synthetic,1.0.0,20260810
synthetic-adventure-034,malam-jabba,5,adventure,semi_synthetic,1.0.0,20260810
synthetic-adventure-034,baltit-fort,4,adventure,semi_synthetic,1.0.0,20260810
synthetic-adventure-034,passu-cones,5,adventure,semi_synthetic,1.0.0,20260810
synthetic-adventure-034,badshahi-mosque,3,adventure,semi_synthetic,1.0.0,20260810
synthetic-adventure-034,margalla-hills,4,adventure,semi_synthetic,1.0.0,20260810
synthetic-adventure-035,frere-hall,3,adventure,semi_synthetic,1.0.0,20260810
synthetic-adventure-035,mazar-e-quaid,3,adventure,semi_synthetic,1.0.0,20260810
synthetic-adventure-035,karimabad-bazaar,3,adventure,semi_synthetic,1.0.0,20260810
synthetic-adventure-035,lok-virsa,3,adventure,semi_synthetic,1.0.0,20260810
synthetic-adventure-035,attabad-lake,4,adventure,semi_synthetic,1.0.0,20260810
synthetic-adventure-035,baltit-fort,3,adventure,semi_synthetic,1.0.0,20260810
synthetic-adventure-035,faisal-mosque,3,adventure,semi_synthetic,1.0.0,20260810
synthetic-adventure-035,altit-fort,4,adventure,semi_synthetic,1.0.0,20260810
synthetic-adventure-035,anarkali-bazaar,3,adventure,semi_synthetic,1.0.0,20260810
synthetic-adventure-035,patriata,5,adventure,semi_synthetic,1.0.0,20260810
synthetic-adventure-036,attabad-lake,4,adventure,semi_synthetic,1.0.0,20260810
synthetic-adventure-036,shigar-fort,3,adventure,semi_synthetic,1.0.0,20260810
synthetic-adventure-036,satpara-lake,4,adventure,semi_synthetic,1.0.0,20260810
synthetic-adventure-036,lok-virsa,2,adventure,semi_synthetic,1.0.0,20260810
synthetic-adventure-036,malam-jabba,4,adventure,semi_synthetic,1.0.0,20260810
synthetic-adventure-036,margalla-hills,4,adventure,semi_synthetic,1.0.0,20260810
synthetic-adventure-036,swat-museum,3,adventure,semi_synthetic,1.0.0,20260810
synthetic-adventure-036,baltit-fort,3,adventure,semi_synthetic,1.0.0,20260810
synthetic-adventure-036,lahore-fort,3,adventure,semi_synthetic,1.0.0,20260810
synthetic-adventure-036,peshawar-museum,3,adventure,semi_synthetic,1.0.0,20260810
synthetic-adventure-037,shigar-fort,2,adventure,semi_synthetic,1.0.0,20260810
synthetic-adventure-037,upper-kachura,3,adventure,semi_synthetic,1.0.0,20260810
synthetic-adventure-037,swat-museum,3,adventure,semi_synthetic,1.0.0,20260810
synthetic-adventure-037,altit-fort,4,adventure,semi_synthetic,1.0.0,20260810
synthetic-adventure-037,clifton-beach,3,adventure,semi_synthetic,1.0.0,20260810
synthetic-adventure-037,margalla-hills,5,adventure,semi_synthetic,1.0.0,20260810
synthetic-adventure-037,lok-virsa,3,adventure,semi_synthetic,1.0.0,20260810
synthetic-adventure-037,burns-road,3,adventure,semi_synthetic,1.0.0,20260810
synthetic-adventure-037,pakistan-monument,2,adventure,semi_synthetic,1.0.0,20260810
synthetic-adventure-037,shalimar-gardens,5,adventure,semi_synthetic,1.0.0,20260810
synthetic-adventure-038,cold-desert,4,adventure,semi_synthetic,1.0.0,20260810
synthetic-adventure-038,altit-fort,2,adventure,semi_synthetic,1.0.0,20260810
synthetic-adventure-038,karimabad-bazaar,3,adventure,semi_synthetic,1.0.0,20260810
synthetic-adventure-038,pakistan-monument,3,adventure,semi_synthetic,1.0.0,20260810
synthetic-adventure-038,lahore-fort,3,adventure,semi_synthetic,1.0.0,20260810
synthetic-adventure-038,shigar-fort,3,adventure,semi_synthetic,1.0.0,20260810
synthetic-adventure-038,patriata,5,adventure,semi_synthetic,1.0.0,20260810
synthetic-adventure-038,upper-kachura,5,adventure,semi_synthetic,1.0.0,20260810
synthetic-adventure-038,mazar-e-quaid,4,adventure,semi_synthetic,1.0.0,20260810
synthetic-adventure-038,faisal-mosque,3,adventure,semi_synthetic,1.0.0,20260810
synthetic-adventure-039,satpara-lake,5,adventure,semi_synthetic,1.0.0,20260810
synthetic-adventure-039,clifton-beach,4,adventure,semi_synthetic,1.0.0,20260810
synthetic-adventure-039,malam-jabba,4,adventure,semi_synthetic,1.0.0,20260810
synthetic-adventure-039,rawal-lake,4,adventure,semi_synthetic,1.0.0,20260810
synthetic-adventure-039,shigar-fort,2,adventure,semi_synthetic,1.0.0,20260810
synthetic-adventure-039,anarkali-bazaar,3,adventure,semi_synthetic,1.0.0,20260810
synthetic-adventure-039,pakistan-monument,3,adventure,semi_synthetic,1.0.0,20260810
synthetic-adventure-039,mall-road,2,adventure,semi_synthetic,1.0.0,20260810
synthetic-adventure-039,margalla-hills,4,adventure,semi_synthetic,1.0.0,20260810
synthetic-adventure-039,lahore-museum,3,adventure,semi_synthetic,1.0.0,20260810
synthetic-budget-000,shigar-fort,4,budget,semi_synthetic,1.0.0,20260810
synthetic-budget-000,mall-road,4,budget,semi_synthetic,1.0.0,20260810
synthetic-budget-000,bala-hisar,4,budget,semi_synthetic,1.0.0,20260810
synthetic-budget-000,lahore-fort,4,budget,semi_synthetic,1.0.0,20260810
synthetic-budget-000,swat-museum,3,budget,semi_synthetic,1.0.0,20260810
synthetic-budget-000,badshahi-mosque,4,budget,semi_synthetic,1.0.0,20260810
synthetic-budget-000,baltit-fort,4,budget,semi_synthetic,1.0.0,20260810
synthetic-budget-000,patriata,2,budget,semi_synthetic,1.0.0,20260810
synthetic-budget-000,passu-cones,3,budget,semi_synthetic,1.0.0,20260810
synthetic-budget-000,anarkali-bazaar,3,budget,semi_synthetic,1.0.0,20260810
synthetic-budget-001,karimabad-bazaar,3,budget,semi_synthetic,1.0.0,20260810
synthetic-budget-001,margalla-hills,4,budget,semi_synthetic,1.0.0,20260810
synthetic-budget-001,anarkali-bazaar,3,budget,semi_synthetic,1.0.0,20260810
synthetic-budget-001,passu-cones,4,budget,semi_synthetic,1.0.0,20260810
synthetic-budget-001,altit-fort,5,budget,semi_synthetic,1.0.0,20260810
synthetic-budget-001,baltit-fort,4,budget,semi_synthetic,1.0.0,20260810
synthetic-budget-001,shalimar-gardens,5,budget,semi_synthetic,1.0.0,20260810
synthetic-budget-001,badshahi-mosque,5,budget,semi_synthetic,1.0.0,20260810
synthetic-budget-001,attabad-lake,4,budget,semi_synthetic,1.0.0,20260810
synthetic-budget-001,peshawar-museum,3,budget,semi_synthetic,1.0.0,20260810
synthetic-budget-002,rawal-lake,5,budget,semi_synthetic,1.0.0,20260810
synthetic-budget-002,clifton-beach,5,budget,semi_synthetic,1.0.0,20260810
synthetic-budget-002,passu-cones,3,budget,semi_synthetic,1.0.0,20260810
synthetic-budget-002,attabad-lake,3,budget,semi_synthetic,1.0.0,20260810
synthetic-budget-002,burns-road,3,budget,semi_synthetic,1.0.0,20260810
synthetic-budget-002,mohatta-palace,3,budget,semi_synthetic,1.0.0,20260810
synthetic-budget-002,faisal-mosque,4,budget,semi_synthetic,1.0.0,20260810
synthetic-budget-002,karimabad-bazaar,3,budget,semi_synthetic,1.0.0,20260810
synthetic-budget-002,bala-hisar,4,budget,semi_synthetic,1.0.0,20260810
synthetic-budget-002,patriata,3,budget,semi_synthetic,1.0.0,20260810
synthetic-budget-003,mohatta-palace,4,budget,semi_synthetic,1.0.0,20260810
synthetic-budget-003,satpara-lake,5,budget,semi_synthetic,1.0.0,20260810
synthetic-budget-003,anarkali-bazaar,3,budget,semi_synthetic,1.0.0,20260810
synthetic-budget-003,karimabad-bazaar,3,budget,semi_synthetic,1.0.0,20260810
synthetic-budget-003,faisal-mosque,5,budget,semi_synthetic,1.0.0,20260810
synthetic-budget-003,lahore-fort,4,budget,semi_synthetic,1.0.0,20260810
synthetic-budget-003,baltit-fort,4,budget,semi_synthetic,1.0.0,20260810
synthetic-budget-003,malam-jabba,3,budget,semi_synthetic,1.0.0,20260810
synthetic-budget-003,lok-virsa,4,budget,semi_synthetic,1.0.0,20260810
synthetic-budget-003,peshawar-museum,4,budget,semi_synthetic,1.0.0,20260810
synthetic-budget-004,peshawar-museum,4,budget,semi_synthetic,1.0.0,20260810
synthetic-budget-004,patriata,2,budget,semi_synthetic,1.0.0,20260810
synthetic-budget-004,lahore-fort,4,budget,semi_synthetic,1.0.0,20260810
synthetic-budget-004,altit-fort,4,budget,semi_synthetic,1.0.0,20260810
synthetic-budget-004,upper-kachura,5,budget,semi_synthetic,1.0.0,20260810
synthetic-budget-004,malam-jabba,3,budget,semi_synthetic,1.0.0,20260810
synthetic-budget-004,shalimar-gardens,4,budget,semi_synthetic,1.0.0,20260810
synthetic-budget-004,lahore-museum,4,budget,semi_synthetic,1.0.0,20260810
synthetic-budget-004,pakistan-monument,3,budget,semi_synthetic,1.0.0,20260810
synthetic-budget-004,rawal-lake,3,budget,semi_synthetic,1.0.0,20260810
synthetic-budget-005,clifton-beach,5,budget,semi_synthetic,1.0.0,20260810
synthetic-budget-005,altit-fort,4,budget,semi_synthetic,1.0.0,20260810
synthetic-budget-005,badshahi-mosque,4,budget,semi_synthetic,1.0.0,20260810
synthetic-budget-005,lok-virsa,4,budget,semi_synthetic,1.0.0,20260810
synthetic-budget-005,baltit-fort,4,budget,semi_synthetic,1.0.0,20260810
synthetic-budget-005,pakistan-monument,4,budget,semi_synthetic,1.0.0,20260810
synthetic-budget-005,lahore-fort,4,budget,semi_synthetic,1.0.0,20260810
synthetic-budget-005,bala-hisar,4,budget,semi_synthetic,1.0.0,20260810
synthetic-budget-005,rawal-lake,4,budget,semi_synthetic,1.0.0,20260810
synthetic-budget-005,shalimar-gardens,4,budget,semi_synthetic,1.0.0,20260810
synthetic-budget-006,shigar-fort,4,budget,semi_synthetic,1.0.0,20260810
synthetic-budget-006,pakistan-monument,4,budget,semi_synthetic,1.0.0,20260810
synthetic-budget-006,bala-hisar,5,budget,semi_synthetic,1.0.0,20260810
synthetic-budget-006,shalimar-gardens,4,budget,semi_synthetic,1.0.0,20260810
synthetic-budget-006,lok-virsa,4,budget,semi_synthetic,1.0.0,20260810
synthetic-budget-006,faisal-mosque,4,budget,semi_synthetic,1.0.0,20260810
synthetic-budget-006,malam-jabba,3,budget,semi_synthetic,1.0.0,20260810
synthetic-budget-006,swat-museum,3,budget,semi_synthetic,1.0.0,20260810
synthetic-budget-006,anarkali-bazaar,3,budget,semi_synthetic,1.0.0,20260810
synthetic-budget-006,rawal-lake,5,budget,semi_synthetic,1.0.0,20260810
synthetic-budget-007,altit-fort,4,budget,semi_synthetic,1.0.0,20260810
synthetic-budget-007,frere-hall,5,budget,semi_synthetic,1.0.0,20260810
synthetic-budget-007,passu-cones,4,budget,semi_synthetic,1.0.0,20260810
synthetic-budget-007,lahore-fort,4,budget,semi_synthetic,1.0.0,20260810
synthetic-budget-007,anarkali-bazaar,3,budget,semi_synthetic,1.0.0,20260810
synthetic-budget-007,badshahi-mosque,4,budget,semi_synthetic,1.0.0,20260810
synthetic-budget-007,lok-virsa,5,budget,semi_synthetic,1.0.0,20260810
synthetic-budget-007,patriata,2,budget,semi_synthetic,1.0.0,20260810
synthetic-budget-007,malam-jabba,3,budget,semi_synthetic,1.0.0,20260810
synthetic-budget-007,lahore-museum,4,budget,semi_synthetic,1.0.0,20260810
synthetic-budget-008,patriata,3,budget,semi_synthetic,1.0.0,20260810
synthetic-budget-008,mazar-e-quaid,4,budget,semi_synthetic,1.0.0,20260810
synthetic-budget-008,attabad-lake,4,budget,semi_synthetic,1.0.0,20260810
synthetic-budget-008,shigar-fort,5,budget,semi_synthetic,1.0.0,20260810
synthetic-budget-008,baltit-fort,4,budget,semi_synthetic,1.0.0,20260810
synthetic-budget-008,margalla-hills,5,budget,semi_synthetic,1.0.0,20260810
synthetic-budget-008,malam-jabba,4,budget,semi_synthetic,1.0.0,20260810
synthetic-budget-008,burns-road,3,budget,semi_synthetic,1.0.0,20260810
synthetic-budget-008,anarkali-bazaar,3,budget,semi_synthetic,1.0.0,20260810
synthetic-budget-008,lok-virsa,4,budget,semi_synthetic,1.0.0,20260810
synthetic-budget-009,mohatta-palace,4,budget,semi_synthetic,1.0.0,20260810
synthetic-budget-009,cold-desert,3,budget,semi_synthetic,1.0.0,20260810
synthetic-budget-009,faisal-mosque,4,budget,semi_synthetic,1.0.0,20260810
synthetic-budget-009,patriata,3,budget,semi_synthetic,1.0.0,20260810
synthetic-budget-009,satpara-lake,4,budget,semi_synthetic,1.0.0,20260810
synthetic-budget-009,bala-hisar,5,budget,semi_synthetic,1.0.0,20260810
synthetic-budget-009,lok-virsa,4,budget,semi_synthetic,1.0.0,20260810
synthetic-budget-009,malam-jabba,3,budget,semi_synthetic,1.0.0,20260810
synthetic-budget-009,burns-road,2,budget,semi_synthetic,1.0.0,20260810
synthetic-budget-009,karimabad-bazaar,2,budget,semi_synthetic,1.0.0,20260810
synthetic-budget-010,anarkali-bazaar,2,budget,semi_synthetic,1.0.0,20260810
synthetic-budget-010,peshawar-museum,4,budget,semi_synthetic,1.0.0,20260810
synthetic-budget-010,margalla-hills,4,budget,semi_synthetic,1.0.0,20260810
synthetic-budget-010,lok-virsa,3,budget,semi_synthetic,1.0.0,20260810
synthetic-budget-010,mazar-e-quaid,4,budget,semi_synthetic,1.0.0,20260810
synthetic-budget-010,mall-road,2,budget,semi_synthetic,1.0.0,20260810
synthetic-budget-010,clifton-beach,3,budget,semi_synthetic,1.0.0,20260810
synthetic-budget-010,frere-hall,3,budget,semi_synthetic,1.0.0,20260810
synthetic-budget-010,burns-road,2,budget,semi_synthetic,1.0.0,20260810
synthetic-budget-010,lahore-museum,4,budget,semi_synthetic,1.0.0,20260810
synthetic-budget-011,peshawar-museum,4,budget,semi_synthetic,1.0.0,20260810
synthetic-budget-011,clifton-beach,4,budget,semi_synthetic,1.0.0,20260810
synthetic-budget-011,frere-hall,4,budget,semi_synthetic,1.0.0,20260810
synthetic-budget-011,altit-fort,3,budget,semi_synthetic,1.0.0,20260810
synthetic-budget-011,shalimar-gardens,4,budget,semi_synthetic,1.0.0,20260810
synthetic-budget-011,lahore-fort,4,budget,semi_synthetic,1.0.0,20260810
synthetic-budget-011,swat-museum,3,budget,semi_synthetic,1.0.0,20260810
synthetic-budget-011,shigar-fort,4,budget,semi_synthetic,1.0.0,20260810
synthetic-budget-011,bala-hisar,4,budget,semi_synthetic,1.0.0,20260810
synthetic-budget-011,upper-kachura,4,budget,semi_synthetic,1.0.0,20260810
synthetic-budget-012,mall-road,3,budget,semi_synthetic,1.0.0,20260810
synthetic-budget-012,frere-hall,5,budget,semi_synthetic,1.0.0,20260810
synthetic-budget-012,satpara-lake,4,budget,semi_synthetic,1.0.0,20260810
synthetic-budget-012,attabad-lake,3,budget,semi_synthetic,1.0.0,20260810
synthetic-budget-012,peshawar-museum,5,budget,semi_synthetic,1.0.0,20260810
synthetic-budget-012,passu-cones,2,budget,semi_synthetic,1.0.0,20260810
synthetic-budget-012,baltit-fort,4,budget,semi_synthetic,1.0.0,20260810
synthetic-budget-012,burns-road,3,budget,semi_synthetic,1.0.0,20260810
synthetic-budget-012,mazar-e-quaid,5,budget,semi_synthetic,1.0.0,20260810
synthetic-budget-012,rawal-lake,5,budget,semi_synthetic,1.0.0,20260810
synthetic-budget-013,anarkali-bazaar,2,budget,semi_synthetic,1.0.0,20260810
synthetic-budget-013,patriata,3,budget,semi_synthetic,1.0.0,20260810
synthetic-budget-013,mazar-e-quaid,4,budget,semi_synthetic,1.0.0,20260810
synthetic-budget-013,lahore-museum,4,budget,semi_synthetic,1.0.0,20260810
synthetic-budget-013,altit-fort,4,budget,semi_synthetic,1.0.0,20260810
synthetic-budget-013,bala-hisar,5,budget,semi_synthetic,1.0.0,20260810
synthetic-budget-013,swat-museum,3,budget,semi_synthetic,1.0.0,20260810
synthetic-budget-013,karimabad-bazaar,3,budget,semi_synthetic,1.0.0,20260810
synthetic-budget-013,peshawar-museum,3,budget,semi_synthetic,1.0.0,20260810
synthetic-budget-013,mall-road,3,budget,semi_synthetic,1.0.0,20260810
synthetic-budget-014,anarkali-bazaar,3,budget,semi_synthetic,1.0.0,20260810
synthetic-budget-014,swat-museum,4,budget,semi_synthetic,1.0.0,20260810
synthetic-budget-014,attabad-lake,4,budget,semi_synthetic,1.0.0,20260810
synthetic-budget-014,bala-hisar,4,budget,semi_synthetic,1.0.0,20260810
synthetic-budget-014,mazar-e-quaid,4,budget,semi_synthetic,1.0.0,20260810
synthetic-budget-014,margalla-hills,5,budget,semi_synthetic,1.0.0,20260810
synthetic-budget-014,baltit-fort,3,budget,semi_synthetic,1.0.0,20260810
synthetic-budget-014,altit-fort,4,budget,semi_synthetic,1.0.0,20260810
synthetic-budget-014,cold-desert,3,budget,semi_synthetic,1.0.0,20260810
synthetic-budget-014,upper-kachura,4,budget,semi_synthetic,1.0.0,20260810
synthetic-budget-015,attabad-lake,4,budget,semi_synthetic,1.0.0,20260810
synthetic-budget-015,baltit-fort,4,budget,semi_synthetic,1.0.0,20260810
synthetic-budget-015,passu-cones,3,budget,semi_synthetic,1.0.0,20260810
synthetic-budget-015,cold-desert,2,budget,semi_synthetic,1.0.0,20260810
synthetic-budget-015,swat-museum,5,budget,semi_synthetic,1.0.0,20260810
synthetic-budget-015,rawal-lake,4,budget,semi_synthetic,1.0.0,20260810
synthetic-budget-015,karimabad-bazaar,3,budget,semi_synthetic,1.0.0,20260810
synthetic-budget-015,mazar-e-quaid,4,budget,semi_synthetic,1.0.0,20260810
synthetic-budget-015,anarkali-bazaar,3,budget,semi_synthetic,1.0.0,20260810
synthetic-budget-015,lok-virsa,3,budget,semi_synthetic,1.0.0,20260810
synthetic-budget-016,burns-road,3,budget,semi_synthetic,1.0.0,20260810
synthetic-budget-016,karimabad-bazaar,3,budget,semi_synthetic,1.0.0,20260810
synthetic-budget-016,attabad-lake,4,budget,semi_synthetic,1.0.0,20260810
synthetic-budget-016,cold-desert,3,budget,semi_synthetic,1.0.0,20260810
synthetic-budget-016,lok-virsa,4,budget,semi_synthetic,1.0.0,20260810
synthetic-budget-016,shalimar-gardens,4,budget,semi_synthetic,1.0.0,20260810
synthetic-budget-016,baltit-fort,5,budget,semi_synthetic,1.0.0,20260810
synthetic-budget-016,upper-kachura,5,budget,semi_synthetic,1.0.0,20260810
synthetic-budget-016,satpara-lake,4,budget,semi_synthetic,1.0.0,20260810
synthetic-budget-016,mall-road,3,budget,semi_synthetic,1.0.0,20260810
synthetic-budget-017,burns-road,3,budget,semi_synthetic,1.0.0,20260810
synthetic-budget-017,swat-museum,4,budget,semi_synthetic,1.0.0,20260810
synthetic-budget-017,bala-hisar,5,budget,semi_synthetic,1.0.0,20260810
synthetic-budget-017,margalla-hills,5,budget,semi_synthetic,1.0.0,20260810
synthetic-budget-017,lok-virsa,3,budget,semi_synthetic,1.0.0,20260810
synthetic-budget-017,passu-cones,3,budget,semi_synthetic,1.0.0,20260810
synthetic-budget-017,satpara-lake,5,budget,semi_synthetic,1.0.0,20260810
synthetic-budget-017,clifton-beach,5,budget,semi_synthetic,1.0.0,20260810
synthetic-budget-017,malam-jabba,2,budget,semi_synthetic,1.0.0,20260810
synthetic-budget-017,upper-kachura,5,budget,semi_synthetic,1.0.0,20260810
synthetic-budget-018,clifton-beach,4,budget,semi_synthetic,1.0.0,20260810
synthetic-budget-018,shalimar-gardens,4,budget,semi_synthetic,1.0.0,20260810
synthetic-budget-018,pakistan-monument,3,budget,semi_synthetic,1.0.0,20260810
synthetic-budget-018,upper-kachura,4,budget,semi_synthetic,1.0.0,20260810
synthetic-budget-018,frere-hall,4,budget,semi_synthetic,1.0.0,20260810
synthetic-budget-018,swat-museum,3,budget,semi_synthetic,1.0.0,20260810
synthetic-budget-018,attabad-lake,4,budget,semi_synthetic,1.0.0,20260810
synthetic-budget-018,bala-hisar,5,budget,semi_synthetic,1.0.0,20260810
synthetic-budget-018,karimabad-bazaar,2,budget,semi_synthetic,1.0.0,20260810
synthetic-budget-018,rawal-lake,4,budget,semi_synthetic,1.0.0,20260810
synthetic-budget-019,burns-road,3,budget,semi_synthetic,1.0.0,20260810
synthetic-budget-019,patriata,3,budget,semi_synthetic,1.0.0,20260810
synthetic-budget-019,shigar-fort,4,budget,semi_synthetic,1.0.0,20260810
synthetic-budget-019,shalimar-gardens,4,budget,semi_synthetic,1.0.0,20260810
synthetic-budget-019,margalla-hills,4,budget,semi_synthetic,1.0.0,20260810
synthetic-budget-019,passu-cones,3,budget,semi_synthetic,1.0.0,20260810
synthetic-budget-019,lahore-fort,4,budget,semi_synthetic,1.0.0,20260810
synthetic-budget-019,satpara-lake,5,budget,semi_synthetic,1.0.0,20260810
synthetic-budget-019,upper-kachura,4,budget,semi_synthetic,1.0.0,20260810
synthetic-budget-019,altit-fort,4,budget,semi_synthetic,1.0.0,20260810
synthetic-budget-020,mazar-e-quaid,4,budget,semi_synthetic,1.0.0,20260810
synthetic-budget-020,clifton-beach,4,budget,semi_synthetic,1.0.0,20260810
synthetic-budget-020,patriata,2,budget,semi_synthetic,1.0.0,20260810
synthetic-budget-020,upper-kachura,5,budget,semi_synthetic,1.0.0,20260810
synthetic-budget-020,rawal-lake,4,budget,semi_synthetic,1.0.0,20260810
synthetic-budget-020,frere-hall,4,budget,semi_synthetic,1.0.0,20260810
synthetic-budget-020,karimabad-bazaar,3,budget,semi_synthetic,1.0.0,20260810
synthetic-budget-020,lahore-fort,5,budget,semi_synthetic,1.0.0,20260810
synthetic-budget-020,mohatta-palace,4,budget,semi_synthetic,1.0.0,20260810
synthetic-budget-020,attabad-lake,4,budget,semi_synthetic,1.0.0,20260810
synthetic-budget-021,burns-road,3,budget,semi_synthetic,1.0.0,20260810
synthetic-budget-021,upper-kachura,4,budget,semi_synthetic,1.0.0,20260810
synthetic-budget-021,shalimar-gardens,5,budget,semi_synthetic,1.0.0,20260810
synthetic-budget-021,karimabad-bazaar,3,budget,semi_synthetic,1.0.0,20260810
synthetic-budget-021,shigar-fort,4,budget,semi_synthetic,1.0.0,20260810
synthetic-budget-021,malam-jabba,3,budget,semi_synthetic,1.0.0,20260810
synthetic-budget-021,badshahi-mosque,3,budget,semi_synthetic,1.0.0,20260810
synthetic-budget-021,mohatta-palace,4,budget,semi_synthetic,1.0.0,20260810
synthetic-budget-021,anarkali-bazaar,2,budget,semi_synthetic,1.0.0,20260810
synthetic-budget-021,mall-road,3,budget,semi_synthetic,1.0.0,20260810
synthetic-budget-022,patriata,3,budget,semi_synthetic,1.0.0,20260810
synthetic-budget-022,pakistan-monument,3,budget,semi_synthetic,1.0.0,20260810
synthetic-budget-022,cold-desert,3,budget,semi_synthetic,1.0.0,20260810
synthetic-budget-022,mazar-e-quaid,4,budget,semi_synthetic,1.0.0,20260810
synthetic-budget-022,frere-hall,5,budget,semi_synthetic,1.0.0,20260810
synthetic-budget-022,margalla-hills,4,budget,semi_synthetic,1.0.0,20260810
synthetic-budget-022,burns-road,2,budget,semi_synthetic,1.0.0,20260810
synthetic-budget-022,altit-fort,4,budget,semi_synthetic,1.0.0,20260810
synthetic-budget-022,shigar-fort,3,budget,semi_synthetic,1.0.0,20260810
synthetic-budget-022,lahore-fort,4,budget,semi_synthetic,1.0.0,20260810
synthetic-budget-023,mall-road,3,budget,semi_synthetic,1.0.0,20260810
synthetic-budget-023,bala-hisar,4,budget,semi_synthetic,1.0.0,20260810
synthetic-budget-023,badshahi-mosque,3,budget,semi_synthetic,1.0.0,20260810
synthetic-budget-023,satpara-lake,4,budget,semi_synthetic,1.0.0,20260810
synthetic-budget-023,pakistan-monument,4,budget,semi_synthetic,1.0.0,20260810
synthetic-budget-023,frere-hall,4,budget,semi_synthetic,1.0.0,20260810
synthetic-budget-023,shalimar-gardens,4,budget,semi_synthetic,1.0.0,20260810
synthetic-budget-023,mohatta-palace,3,budget,semi_synthetic,1.0.0,20260810
synthetic-budget-023,lok-virsa,3,budget,semi_synthetic,1.0.0,20260810
synthetic-budget-023,shigar-fort,3,budget,semi_synthetic,1.0.0,20260810
synthetic-budget-024,attabad-lake,4,budget,semi_synthetic,1.0.0,20260810
synthetic-budget-024,peshawar-museum,4,budget,semi_synthetic,1.0.0,20260810
synthetic-budget-024,lahore-fort,4,budget,semi_synthetic,1.0.0,20260810
synthetic-budget-024,clifton-beach,4,budget,semi_synthetic,1.0.0,20260810
synthetic-budget-024,shigar-fort,4,budget,semi_synthetic,1.0.0,20260810
synthetic-budget-024,rawal-lake,5,budget,semi_synthetic,1.0.0,20260810
synthetic-budget-024,passu-cones,3,budget,semi_synthetic,1.0.0,20260810
synthetic-budget-024,badshahi-mosque,3,budget,semi_synthetic,1.0.0,20260810
synthetic-budget-024,malam-jabba,3,budget,semi_synthetic,1.0.0,20260810
synthetic-budget-024,lok-virsa,3,budget,semi_synthetic,1.0.0,20260810
synthetic-budget-025,upper-kachura,4,budget,semi_synthetic,1.0.0,20260810
synthetic-budget-025,anarkali-bazaar,3,budget,semi_synthetic,1.0.0,20260810
synthetic-budget-025,faisal-mosque,4,budget,semi_synthetic,1.0.0,20260810
synthetic-budget-025,malam-jabba,2,budget,semi_synthetic,1.0.0,20260810
synthetic-budget-025,shigar-fort,3,budget,semi_synthetic,1.0.0,20260810
synthetic-budget-025,bala-hisar,4,budget,semi_synthetic,1.0.0,20260810
synthetic-budget-025,mall-road,3,budget,semi_synthetic,1.0.0,20260810
synthetic-budget-025,shalimar-gardens,4,budget,semi_synthetic,1.0.0,20260810
synthetic-budget-025,frere-hall,4,budget,semi_synthetic,1.0.0,20260810
synthetic-budget-025,swat-museum,4,budget,semi_synthetic,1.0.0,20260810
synthetic-budget-026,passu-cones,3,budget,semi_synthetic,1.0.0,20260810
synthetic-budget-026,satpara-lake,4,budget,semi_synthetic,1.0.0,20260810
synthetic-budget-026,clifton-beach,5,budget,semi_synthetic,1.0.0,20260810
synthetic-budget-026,cold-desert,3,budget,semi_synthetic,1.0.0,20260810
synthetic-budget-026,bala-hisar,4,budget,semi_synthetic,1.0.0,20260810
synthetic-budget-026,badshahi-mosque,5,budget,semi_synthetic,1.0.0,20260810
synthetic-budget-026,attabad-lake,4,budget,semi_synthetic,1.0.0,20260810
synthetic-budget-026,margalla-hills,5,budget,semi_synthetic,1.0.0,20260810
synthetic-budget-026,lahore-fort,4,budget,semi_synthetic,1.0.0,20260810
synthetic-budget-026,anarkali-bazaar,3,budget,semi_synthetic,1.0.0,20260810
synthetic-budget-027,mall-road,3,budget,semi_synthetic,1.0.0,20260810
synthetic-budget-027,mohatta-palace,4,budget,semi_synthetic,1.0.0,20260810
synthetic-budget-027,margalla-hills,5,budget,semi_synthetic,1.0.0,20260810
synthetic-budget-027,mazar-e-quaid,4,budget,semi_synthetic,1.0.0,20260810
synthetic-budget-027,peshawar-museum,3,budget,semi_synthetic,1.0.0,20260810
synthetic-budget-027,passu-cones,3,budget,semi_synthetic,1.0.0,20260810
synthetic-budget-027,swat-museum,4,budget,semi_synthetic,1.0.0,20260810
synthetic-budget-027,shalimar-gardens,5,budget,semi_synthetic,1.0.0,20260810
synthetic-budget-027,badshahi-mosque,5,budget,semi_synthetic,1.0.0,20260810
synthetic-budget-027,clifton-beach,4,budget,semi_synthetic,1.0.0,20260810
synthetic-budget-028,rawal-lake,5,budget,semi_synthetic,1.0.0,20260810
synthetic-budget-028,lahore-fort,4,budget,semi_synthetic,1.0.0,20260810
synthetic-budget-028,patriata,3,budget,semi_synthetic,1.0.0,20260810
synthetic-budget-028,lok-virsa,3,budget,semi_synthetic,1.0.0,20260810
synthetic-budget-028,satpara-lake,5,budget,semi_synthetic,1.0.0,20260810
synthetic-budget-028,pakistan-monument,3,budget,semi_synthetic,1.0.0,20260810
synthetic-budget-028,anarkali-bazaar,3,budget,semi_synthetic,1.0.0,20260810
synthetic-budget-028,baltit-fort,5,budget,semi_synthetic,1.0.0,20260810
synthetic-budget-028,altit-fort,4,budget,semi_synthetic,1.0.0,20260810
synthetic-budget-028,bala-hisar,5,budget,semi_synthetic,1.0.0,20260810
synthetic-budget-029,margalla-hills,4,budget,semi_synthetic,1.0.0,20260810
synthetic-budget-029,attabad-lake,4,budget,semi_synthetic,1.0.0,20260810
synthetic-budget-029,clifton-beach,4,budget,semi_synthetic,1.0.0,20260810
synthetic-budget-029,malam-jabba,3,budget,semi_synthetic,1.0.0,20260810
synthetic-budget-029,shalimar-gardens,4,budget,semi_synthetic,1.0.0,20260810
synthetic-budget-029,baltit-fort,4,budget,semi_synthetic,1.0.0,20260810
synthetic-budget-029,mazar-e-quaid,4,budget,semi_synthetic,1.0.0,20260810
synthetic-budget-029,satpara-lake,5,budget,semi_synthetic,1.0.0,20260810
synthetic-budget-029,karimabad-bazaar,3,budget,semi_synthetic,1.0.0,20260810
synthetic-budget-029,burns-road,2,budget,semi_synthetic,1.0.0,20260810
synthetic-budget-030,mohatta-palace,4,budget,semi_synthetic,1.0.0,20260810
synthetic-budget-030,bala-hisar,5,budget,semi_synthetic,1.0.0,20260810
synthetic-budget-030,rawal-lake,4,budget,semi_synthetic,1.0.0,20260810
synthetic-budget-030,peshawar-museum,3,budget,semi_synthetic,1.0.0,20260810
synthetic-budget-030,attabad-lake,4,budget,semi_synthetic,1.0.0,20260810
synthetic-budget-030,shalimar-gardens,4,budget,semi_synthetic,1.0.0,20260810
synthetic-budget-030,satpara-lake,5,budget,semi_synthetic,1.0.0,20260810
synthetic-budget-030,anarkali-bazaar,3,budget,semi_synthetic,1.0.0,20260810
synthetic-budget-030,shigar-fort,5,budget,semi_synthetic,1.0.0,20260810
synthetic-budget-030,frere-hall,4,budget,semi_synthetic,1.0.0,20260810
synthetic-budget-031,passu-cones,3,budget,semi_synthetic,1.0.0,20260810
synthetic-budget-031,faisal-mosque,4,budget,semi_synthetic,1.0.0,20260810
synthetic-budget-031,lahore-museum,4,budget,semi_synthetic,1.0.0,20260810
synthetic-budget-031,upper-kachura,4,budget,semi_synthetic,1.0.0,20260810
synthetic-budget-031,shalimar-gardens,5,budget,semi_synthetic,1.0.0,20260810
synthetic-budget-031,badshahi-mosque,4,budget,semi_synthetic,1.0.0,20260810
synthetic-budget-031,lahore-fort,3,budget,semi_synthetic,1.0.0,20260810
synthetic-budget-031,shigar-fort,5,budget,semi_synthetic,1.0.0,20260810
synthetic-budget-031,anarkali-bazaar,3,budget,semi_synthetic,1.0.0,20260810
synthetic-budget-031,burns-road,3,budget,semi_synthetic,1.0.0,20260810
synthetic-budget-032,badshahi-mosque,3,budget,semi_synthetic,1.0.0,20260810
synthetic-budget-032,patriata,3,budget,semi_synthetic,1.0.0,20260810
synthetic-budget-032,clifton-beach,5,budget,semi_synthetic,1.0.0,20260810
synthetic-budget-032,rawal-lake,4,budget,semi_synthetic,1.0.0,20260810
synthetic-budget-032,mazar-e-quaid,5,budget,semi_synthetic,1.0.0,20260810
synthetic-budget-032,anarkali-bazaar,4,budget,semi_synthetic,1.0.0,20260810
synthetic-budget-032,karimabad-bazaar,3,budget,semi_synthetic,1.0.0,20260810
synthetic-budget-032,lahore-fort,5,budget,semi_synthetic,1.0.0,20260810
synthetic-budget-032,attabad-lake,4,budget,semi_synthetic,1.0.0,20260810
synthetic-budget-032,lok-virsa,3,budget,semi_synthetic,1.0.0,20260810
synthetic-budget-033,lok-virsa,4,budget,semi_synthetic,1.0.0,20260810
synthetic-budget-033,lahore-museum,3,budget,semi_synthetic,1.0.0,20260810
synthetic-budget-033,peshawar-museum,4,budget,semi_synthetic,1.0.0,20260810
synthetic-budget-033,altit-fort,4,budget,semi_synthetic,1.0.0,20260810
synthetic-budget-033,clifton-beach,4,budget,semi_synthetic,1.0.0,20260810
synthetic-budget-033,baltit-fort,4,budget,semi_synthetic,1.0.0,20260810
synthetic-budget-033,margalla-hills,4,budget,semi_synthetic,1.0.0,20260810
synthetic-budget-033,shigar-fort,4,budget,semi_synthetic,1.0.0,20260810
synthetic-budget-033,mohatta-palace,3,budget,semi_synthetic,1.0.0,20260810
synthetic-budget-033,pakistan-monument,4,budget,semi_synthetic,1.0.0,20260810
synthetic-budget-034,peshawar-museum,3,budget,semi_synthetic,1.0.0,20260810
synthetic-budget-034,bala-hisar,4,budget,semi_synthetic,1.0.0,20260810
synthetic-budget-034,upper-kachura,4,budget,semi_synthetic,1.0.0,20260810
synthetic-budget-034,mall-road,3,budget,semi_synthetic,1.0.0,20260810
synthetic-budget-034,shigar-fort,4,budget,semi_synthetic,1.0.0,20260810
synthetic-budget-034,malam-jabba,3,budget,semi_synthetic,1.0.0,20260810
synthetic-budget-034,baltit-fort,4,budget,semi_synthetic,1.0.0,20260810
synthetic-budget-034,passu-cones,3,budget,semi_synthetic,1.0.0,20260810
synthetic-budget-034,badshahi-mosque,5,budget,semi_synthetic,1.0.0,20260810
synthetic-budget-034,margalla-hills,5,budget,semi_synthetic,1.0.0,20260810
synthetic-budget-035,frere-hall,5,budget,semi_synthetic,1.0.0,20260810
synthetic-budget-035,mazar-e-quaid,4,budget,semi_synthetic,1.0.0,20260810
synthetic-budget-035,karimabad-bazaar,4,budget,semi_synthetic,1.0.0,20260810
synthetic-budget-035,lok-virsa,4,budget,semi_synthetic,1.0.0,20260810
synthetic-budget-035,attabad-lake,4,budget,semi_synthetic,1.0.0,20260810
synthetic-budget-035,baltit-fort,4,budget,semi_synthetic,1.0.0,20260810
synthetic-budget-035,faisal-mosque,4,budget,semi_synthetic,1.0.0,20260810
synthetic-budget-035,altit-fort,4,budget,semi_synthetic,1.0.0,20260810
synthetic-budget-035,anarkali-bazaar,3,budget,semi_synthetic,1.0.0,20260810
synthetic-budget-035,patriata,4,budget,semi_synthetic,1.0.0,20260810
synthetic-budget-036,attabad-lake,5,budget,semi_synthetic,1.0.0,20260810
synthetic-budget-036,shigar-fort,4,budget,semi_synthetic,1.0.0,20260810
synthetic-budget-036,satpara-lake,5,budget,semi_synthetic,1.0.0,20260810
synthetic-budget-036,lok-virsa,5,budget,semi_synthetic,1.0.0,20260810
synthetic-budget-036,malam-jabba,3,budget,semi_synthetic,1.0.0,20260810
synthetic-budget-036,margalla-hills,4,budget,semi_synthetic,1.0.0,20260810
synthetic-budget-036,swat-museum,4,budget,semi_synthetic,1.0.0,20260810
synthetic-budget-036,baltit-fort,4,budget,semi_synthetic,1.0.0,20260810
synthetic-budget-036,lahore-fort,4,budget,semi_synthetic,1.0.0,20260810
synthetic-budget-036,peshawar-museum,3,budget,semi_synthetic,1.0.0,20260810
synthetic-budget-037,shigar-fort,4,budget,semi_synthetic,1.0.0,20260810
synthetic-budget-037,upper-kachura,4,budget,semi_synthetic,1.0.0,20260810
synthetic-budget-037,swat-museum,4,budget,semi_synthetic,1.0.0,20260810
synthetic-budget-037,altit-fort,3,budget,semi_synthetic,1.0.0,20260810
synthetic-budget-037,clifton-beach,4,budget,semi_synthetic,1.0.0,20260810
synthetic-budget-037,margalla-hills,5,budget,semi_synthetic,1.0.0,20260810
synthetic-budget-037,lok-virsa,4,budget,semi_synthetic,1.0.0,20260810
synthetic-budget-037,burns-road,3,budget,semi_synthetic,1.0.0,20260810
synthetic-budget-037,pakistan-monument,4,budget,semi_synthetic,1.0.0,20260810
synthetic-budget-037,shalimar-gardens,5,budget,semi_synthetic,1.0.0,20260810
synthetic-budget-038,cold-desert,3,budget,semi_synthetic,1.0.0,20260810
synthetic-budget-038,altit-fort,3,budget,semi_synthetic,1.0.0,20260810
synthetic-budget-038,karimabad-bazaar,3,budget,semi_synthetic,1.0.0,20260810
synthetic-budget-038,pakistan-monument,4,budget,semi_synthetic,1.0.0,20260810
synthetic-budget-038,lahore-fort,4,budget,semi_synthetic,1.0.0,20260810
synthetic-budget-038,shigar-fort,4,budget,semi_synthetic,1.0.0,20260810
synthetic-budget-038,patriata,3,budget,semi_synthetic,1.0.0,20260810
synthetic-budget-038,upper-kachura,4,budget,semi_synthetic,1.0.0,20260810
synthetic-budget-038,mazar-e-quaid,4,budget,semi_synthetic,1.0.0,20260810
synthetic-budget-038,faisal-mosque,5,budget,semi_synthetic,1.0.0,20260810
synthetic-budget-039,satpara-lake,5,budget,semi_synthetic,1.0.0,20260810
synthetic-budget-039,clifton-beach,5,budget,semi_synthetic,1.0.0,20260810
synthetic-budget-039,malam-jabba,3,budget,semi_synthetic,1.0.0,20260810
synthetic-budget-039,rawal-lake,4,budget,semi_synthetic,1.0.0,20260810
synthetic-budget-039,shigar-fort,5,budget,semi_synthetic,1.0.0,20260810
synthetic-budget-039,anarkali-bazaar,4,budget,semi_synthetic,1.0.0,20260810
synthetic-budget-039,pakistan-monument,3,budget,semi_synthetic,1.0.0,20260810
synthetic-budget-039,mall-road,3,budget,semi_synthetic,1.0.0,20260810
synthetic-budget-039,margalla-hills,5,budget,semi_synthetic,1.0.0,20260810
synthetic-budget-039,lahore-museum,3,budget,semi_synthetic,1.0.0,20260810
synthetic-luxury-000,shigar-fort,2,luxury,semi_synthetic,1.0.0,20260810
synthetic-luxury-000,mall-road,4,luxury,semi_synthetic,1.0.0,20260810
synthetic-luxury-000,bala-hisar,3,luxury,semi_synthetic,1.0.0,20260810
synthetic-luxury-000,lahore-fort,3,luxury,semi_synthetic,1.0.0,20260810
synthetic-luxury-000,swat-museum,4,luxury,semi_synthetic,1.0.0,20260810
synthetic-luxury-000,badshahi-mosque,3,luxury,semi_synthetic,1.0.0,20260810
synthetic-luxury-000,baltit-fort,3,luxury,semi_synthetic,1.0.0,20260810
synthetic-luxury-000,patriata,2,luxury,semi_synthetic,1.0.0,20260810
synthetic-luxury-000,passu-cones,2,luxury,semi_synthetic,1.0.0,20260810
synthetic-luxury-000,anarkali-bazaar,5,luxury,semi_synthetic,1.0.0,20260810
synthetic-luxury-001,karimabad-bazaar,4,luxury,semi_synthetic,1.0.0,20260810
synthetic-luxury-001,margalla-hills,3,luxury,semi_synthetic,1.0.0,20260810
synthetic-luxury-001,anarkali-bazaar,5,luxury,semi_synthetic,1.0.0,20260810
synthetic-luxury-001,passu-cones,2,luxury,semi_synthetic,1.0.0,20260810
synthetic-luxury-001,altit-fort,3,luxury,semi_synthetic,1.0.0,20260810
synthetic-luxury-001,baltit-fort,3,luxury,semi_synthetic,1.0.0,20260810
synthetic-luxury-001,shalimar-gardens,3,luxury,semi_synthetic,1.0.0,20260810
synthetic-luxury-001,badshahi-mosque,3,luxury,semi_synthetic,1.0.0,20260810
synthetic-luxury-001,attabad-lake,3,luxury,semi_synthetic,1.0.0,20260810
synthetic-luxury-001,peshawar-museum,4,luxury,semi_synthetic,1.0.0,20260810
synthetic-luxury-002,rawal-lake,2,luxury,semi_synthetic,1.0.0,20260810
synthetic-luxury-002,clifton-beach,3,luxury,semi_synthetic,1.0.0,20260810
synthetic-luxury-002,passu-cones,2,luxury,semi_synthetic,1.0.0,20260810
synthetic-luxury-002,attabad-lake,3,luxury,semi_synthetic,1.0.0,20260810
synthetic-luxury-002,burns-road,5,luxury,semi_synthetic,1.0.0,20260810
synthetic-luxury-002,mohatta-palace,3,luxury,semi_synthetic,1.0.0,20260810
synthetic-luxury-002,faisal-mosque,4,luxury,semi_synthetic,1.0.0,20260810
synthetic-luxury-002,karimabad-bazaar,4,luxury,semi_synthetic,1.0.0,20260810
synthetic-luxury-002,bala-hisar,3,luxury,semi_synthetic,1.0.0,20260810
synthetic-luxury-002,patriata,4,luxury,semi_synthetic,1.0.0,20260810
synthetic-luxury-003,mohatta-palace,4,luxury,semi_synthetic,1.0.0,20260810
synthetic-luxury-003,satpara-lake,3,luxury,semi_synthetic,1.0.0,20260810
synthetic-luxury-003,anarkali-bazaar,4,luxury,semi_synthetic,1.0.0,20260810
synthetic-luxury-003,karimabad-bazaar,5,luxury,semi_synthetic,1.0.0,20260810
synthetic-luxury-003,faisal-mosque,3,luxury,semi_synthetic,1.0.0,20260810
synthetic-luxury-003,lahore-fort,2,luxury,semi_synthetic,1.0.0,20260810
synthetic-luxury-003,baltit-fort,4,luxury,semi_synthetic,1.0.0,20260810
synthetic-luxury-003,malam-jabba,3,luxury,semi_synthetic,1.0.0,20260810
synthetic-luxury-003,lok-virsa,3,luxury,semi_synthetic,1.0.0,20260810
synthetic-luxury-003,peshawar-museum,4,luxury,semi_synthetic,1.0.0,20260810
synthetic-luxury-004,peshawar-museum,3,luxury,semi_synthetic,1.0.0,20260810
synthetic-luxury-004,patriata,2,luxury,semi_synthetic,1.0.0,20260810
synthetic-luxury-004,lahore-fort,2,luxury,semi_synthetic,1.0.0,20260810
synthetic-luxury-004,altit-fort,3,luxury,semi_synthetic,1.0.0,20260810
synthetic-luxury-004,upper-kachura,3,luxury,semi_synthetic,1.0.0,20260810
synthetic-luxury-004,malam-jabba,2,luxury,semi_synthetic,1.0.0,20260810
synthetic-luxury-004,shalimar-gardens,2,luxury,semi_synthetic,1.0.0,20260810
synthetic-luxury-004,lahore-museum,4,luxury,semi_synthetic,1.0.0,20260810
synthetic-luxury-004,pakistan-monument,3,luxury,semi_synthetic,1.0.0,20260810
synthetic-luxury-004,rawal-lake,2,luxury,semi_synthetic,1.0.0,20260810
synthetic-luxury-005,clifton-beach,3,luxury,semi_synthetic,1.0.0,20260810
synthetic-luxury-005,altit-fort,3,luxury,semi_synthetic,1.0.0,20260810
synthetic-luxury-005,badshahi-mosque,3,luxury,semi_synthetic,1.0.0,20260810
synthetic-luxury-005,lok-virsa,5,luxury,semi_synthetic,1.0.0,20260810
synthetic-luxury-005,baltit-fort,2,luxury,semi_synthetic,1.0.0,20260810
synthetic-luxury-005,pakistan-monument,4,luxury,semi_synthetic,1.0.0,20260810
synthetic-luxury-005,lahore-fort,3,luxury,semi_synthetic,1.0.0,20260810
synthetic-luxury-005,bala-hisar,2,luxury,semi_synthetic,1.0.0,20260810
synthetic-luxury-005,rawal-lake,3,luxury,semi_synthetic,1.0.0,20260810
synthetic-luxury-005,shalimar-gardens,2,luxury,semi_synthetic,1.0.0,20260810
synthetic-luxury-006,shigar-fort,3,luxury,semi_synthetic,1.0.0,20260810
synthetic-luxury-006,pakistan-monument,4,luxury,semi_synthetic,1.0.0,20260810
synthetic-luxury-006,bala-hisar,3,luxury,semi_synthetic,1.0.0,20260810
synthetic-luxury-006,shalimar-gardens,2,luxury,semi_synthetic,1.0.0,20260810
synthetic-luxury-006,lok-virsa,4,luxury,semi_synthetic,1.0.0,20260810
synthetic-luxury-006,faisal-mosque,3,luxury,semi_synthetic,1.0.0,20260810
synthetic-luxury-006,malam-jabba,2,luxury,semi_synthetic,1.0.0,20260810
synthetic-luxury-006,swat-museum,4,luxury,semi_synthetic,1.0.0,20260810
synthetic-luxury-006,anarkali-bazaar,4,luxury,semi_synthetic,1.0.0,20260810
synthetic-luxury-006,rawal-lake,3,luxury,semi_synthetic,1.0.0,20260810
synthetic-luxury-007,altit-fort,2,luxury,semi_synthetic,1.0.0,20260810
synthetic-luxury-007,frere-hall,3,luxury,semi_synthetic,1.0.0,20260810
synthetic-luxury-007,passu-cones,3,luxury,semi_synthetic,1.0.0,20260810
synthetic-luxury-007,lahore-fort,3,luxury,semi_synthetic,1.0.0,20260810
synthetic-luxury-007,anarkali-bazaar,4,luxury,semi_synthetic,1.0.0,20260810
synthetic-luxury-007,badshahi-mosque,3,luxury,semi_synthetic,1.0.0,20260810
synthetic-luxury-007,lok-virsa,3,luxury,semi_synthetic,1.0.0,20260810
synthetic-luxury-007,patriata,2,luxury,semi_synthetic,1.0.0,20260810
synthetic-luxury-007,malam-jabba,2,luxury,semi_synthetic,1.0.0,20260810
synthetic-luxury-007,lahore-museum,3,luxury,semi_synthetic,1.0.0,20260810
synthetic-luxury-008,patriata,3,luxury,semi_synthetic,1.0.0,20260810
synthetic-luxury-008,mazar-e-quaid,2,luxury,semi_synthetic,1.0.0,20260810
synthetic-luxury-008,attabad-lake,2,luxury,semi_synthetic,1.0.0,20260810
synthetic-luxury-008,shigar-fort,3,luxury,semi_synthetic,1.0.0,20260810
synthetic-luxury-008,baltit-fort,2,luxury,semi_synthetic,1.0.0,20260810
synthetic-luxury-008,margalla-hills,3,luxury,semi_synthetic,1.0.0,20260810
synthetic-luxury-008,malam-jabba,2,luxury,semi_synthetic,1.0.0,20260810
synthetic-luxury-008,burns-road,4,luxury,semi_synthetic,1.0.0,20260810
synthetic-luxury-008,anarkali-bazaar,4,luxury,semi_synthetic,1.0.0,20260810
synthetic-luxury-008,lok-virsa,3,luxury,semi_synthetic,1.0.0,20260810
synthetic-luxury-009,mohatta-palace,4,luxury,semi_synthetic,1.0.0,20260810
synthetic-luxury-009,cold-desert,3,luxury,semi_synthetic,1.0.0,20260810
synthetic-luxury-009,faisal-mosque,3,luxury,semi_synthetic,1.0.0,20260810
synthetic-luxury-009,patriata,2,luxury,semi_synthetic,1.0.0,20260810
synthetic-luxury-009,satpara-lake,3,luxury,semi_synthetic,1.0.0,20260810
synthetic-luxury-009,bala-hisar,2,luxury,semi_synthetic,1.0.0,20260810
synthetic-luxury-009,lok-virsa,3,luxury,semi_synthetic,1.0.0,20260810
synthetic-luxury-009,malam-jabba,3,luxury,semi_synthetic,1.0.0,20260810
synthetic-luxury-009,burns-road,4,luxury,semi_synthetic,1.0.0,20260810
synthetic-luxury-009,karimabad-bazaar,5,luxury,semi_synthetic,1.0.0,20260810
synthetic-luxury-010,anarkali-bazaar,5,luxury,semi_synthetic,1.0.0,20260810
synthetic-luxury-010,peshawar-museum,4,luxury,semi_synthetic,1.0.0,20260810
synthetic-luxury-010,margalla-hills,3,luxury,semi_synthetic,1.0.0,20260810
synthetic-luxury-010,lok-virsa,3,luxury,semi_synthetic,1.0.0,20260810
synthetic-luxury-010,mazar-e-quaid,3,luxury,semi_synthetic,1.0.0,20260810
synthetic-luxury-010,mall-road,4,luxury,semi_synthetic,1.0.0,20260810
synthetic-luxury-010,clifton-beach,3,luxury,semi_synthetic,1.0.0,20260810
synthetic-luxury-010,frere-hall,3,luxury,semi_synthetic,1.0.0,20260810
synthetic-luxury-010,burns-road,4,luxury,semi_synthetic,1.0.0,20260810
synthetic-luxury-010,lahore-museum,4,luxury,semi_synthetic,1.0.0,20260810
synthetic-luxury-011,peshawar-museum,3,luxury,semi_synthetic,1.0.0,20260810
synthetic-luxury-011,clifton-beach,3,luxury,semi_synthetic,1.0.0,20260810
synthetic-luxury-011,frere-hall,3,luxury,semi_synthetic,1.0.0,20260810
synthetic-luxury-011,altit-fort,3,luxury,semi_synthetic,1.0.0,20260810
synthetic-luxury-011,shalimar-gardens,3,luxury,semi_synthetic,1.0.0,20260810
synthetic-luxury-011,lahore-fort,3,luxury,semi_synthetic,1.0.0,20260810
synthetic-luxury-011,swat-museum,4,luxury,semi_synthetic,1.0.0,20260810
synthetic-luxury-011,shigar-fort,2,luxury,semi_synthetic,1.0.0,20260810
synthetic-luxury-011,bala-hisar,2,luxury,semi_synthetic,1.0.0,20260810
synthetic-luxury-011,upper-kachura,3,luxury,semi_synthetic,1.0.0,20260810
synthetic-luxury-012,mall-road,4,luxury,semi_synthetic,1.0.0,20260810
synthetic-luxury-012,frere-hall,3,luxury,semi_synthetic,1.0.0,20260810
synthetic-luxury-012,satpara-lake,3,luxury,semi_synthetic,1.0.0,20260810
synthetic-luxury-012,attabad-lake,3,luxury,semi_synthetic,1.0.0,20260810
synthetic-luxury-012,peshawar-museum,4,luxury,semi_synthetic,1.0.0,20260810
synthetic-luxury-012,passu-cones,3,luxury,semi_synthetic,1.0.0,20260810
synthetic-luxury-012,baltit-fort,3,luxury,semi_synthetic,1.0.0,20260810
synthetic-luxury-012,burns-road,5,luxury,semi_synthetic,1.0.0,20260810
synthetic-luxury-012,mazar-e-quaid,3,luxury,semi_synthetic,1.0.0,20260810
synthetic-luxury-012,rawal-lake,4,luxury,semi_synthetic,1.0.0,20260810
synthetic-luxury-013,anarkali-bazaar,4,luxury,semi_synthetic,1.0.0,20260810
synthetic-luxury-013,patriata,3,luxury,semi_synthetic,1.0.0,20260810
synthetic-luxury-013,mazar-e-quaid,2,luxury,semi_synthetic,1.0.0,20260810
synthetic-luxury-013,lahore-museum,4,luxury,semi_synthetic,1.0.0,20260810
synthetic-luxury-013,altit-fort,2,luxury,semi_synthetic,1.0.0,20260810
synthetic-luxury-013,bala-hisar,3,luxury,semi_synthetic,1.0.0,20260810
synthetic-luxury-013,swat-museum,4,luxury,semi_synthetic,1.0.0,20260810
synthetic-luxury-013,karimabad-bazaar,4,luxury,semi_synthetic,1.0.0,20260810
synthetic-luxury-013,peshawar-museum,3,luxury,semi_synthetic,1.0.0,20260810
synthetic-luxury-013,mall-road,4,luxury,semi_synthetic,1.0.0,20260810
synthetic-luxury-014,anarkali-bazaar,4,luxury,semi_synthetic,1.0.0,20260810
synthetic-luxury-014,swat-museum,4,luxury,semi_synthetic,1.0.0,20260810
synthetic-luxury-014,attabad-lake,2,luxury,semi_synthetic,1.0.0,20260810
synthetic-luxury-014,bala-hisar,3,luxury,semi_synthetic,1.0.0,20260810
synthetic-luxury-014,mazar-e-quaid,3,luxury,semi_synthetic,1.0.0,20260810
synthetic-luxury-014,margalla-hills,2,luxury,semi_synthetic,1.0.0,20260810
synthetic-luxury-014,baltit-fort,3,luxury,semi_synthetic,1.0.0,20260810
synthetic-luxury-014,altit-fort,2,luxury,semi_synthetic,1.0.0,20260810
synthetic-luxury-014,cold-desert,3,luxury,semi_synthetic,1.0.0,20260810
synthetic-luxury-014,upper-kachura,2,luxury,semi_synthetic,1.0.0,20260810
synthetic-luxury-015,attabad-lake,2,luxury,semi_synthetic,1.0.0,20260810
synthetic-luxury-015,baltit-fort,2,luxury,semi_synthetic,1.0.0,20260810
synthetic-luxury-015,passu-cones,2,luxury,semi_synthetic,1.0.0,20260810
synthetic-luxury-015,cold-desert,3,luxury,semi_synthetic,1.0.0,20260810
synthetic-luxury-015,swat-museum,4,luxury,semi_synthetic,1.0.0,20260810
synthetic-luxury-015,rawal-lake,3,luxury,semi_synthetic,1.0.0,20260810
synthetic-luxury-015,karimabad-bazaar,4,luxury,semi_synthetic,1.0.0,20260810
synthetic-luxury-015,mazar-e-quaid,3,luxury,semi_synthetic,1.0.0,20260810
synthetic-luxury-015,anarkali-bazaar,4,luxury,semi_synthetic,1.0.0,20260810
synthetic-luxury-015,lok-virsa,4,luxury,semi_synthetic,1.0.0,20260810
synthetic-luxury-016,burns-road,4,luxury,semi_synthetic,1.0.0,20260810
synthetic-luxury-016,karimabad-bazaar,4,luxury,semi_synthetic,1.0.0,20260810
synthetic-luxury-016,attabad-lake,3,luxury,semi_synthetic,1.0.0,20260810
synthetic-luxury-016,cold-desert,3,luxury,semi_synthetic,1.0.0,20260810
synthetic-luxury-016,lok-virsa,4,luxury,semi_synthetic,1.0.0,20260810
synthetic-luxury-016,shalimar-gardens,3,luxury,semi_synthetic,1.0.0,20260810
synthetic-luxury-016,baltit-fort,3,luxury,semi_synthetic,1.0.0,20260810
synthetic-luxury-016,upper-kachura,3,luxury,semi_synthetic,1.0.0,20260810
synthetic-luxury-016,satpara-lake,2,luxury,semi_synthetic,1.0.0,20260810
synthetic-luxury-016,mall-road,4,luxury,semi_synthetic,1.0.0,20260810
synthetic-luxury-017,burns-road,4,luxury,semi_synthetic,1.0.0,20260810
synthetic-luxury-017,swat-museum,4,luxury,semi_synthetic,1.0.0,20260810
synthetic-luxury-017,bala-hisar,3,luxury,semi_synthetic,1.0.0,20260810
synthetic-luxury-017,margalla-hills,3,luxury,semi_synthetic,1.0.0,20260810
synthetic-luxury-017,lok-virsa,3,luxury,semi_synthetic,1.0.0,20260810
synthetic-luxury-017,passu-cones,4,luxury,semi_synthetic,1.0.0,20260810
synthetic-luxury-017,satpara-lake,1,luxury,semi_synthetic,1.0.0,20260810
synthetic-luxury-017,clifton-beach,4,luxury,semi_synthetic,1.0.0,20260810
synthetic-luxury-017,malam-jabba,3,luxury,semi_synthetic,1.0.0,20260810
synthetic-luxury-017,upper-kachura,3,luxury,semi_synthetic,1.0.0,20260810
synthetic-luxury-018,clifton-beach,3,luxury,semi_synthetic,1.0.0,20260810
synthetic-luxury-018,shalimar-gardens,2,luxury,semi_synthetic,1.0.0,20260810
synthetic-luxury-018,pakistan-monument,4,luxury,semi_synthetic,1.0.0,20260810
synthetic-luxury-018,upper-kachura,3,luxury,semi_synthetic,1.0.0,20260810
synthetic-luxury-018,frere-hall,2,luxury,semi_synthetic,1.0.0,20260810
synthetic-luxury-018,swat-museum,4,luxury,semi_synthetic,1.0.0,20260810
synthetic-luxury-018,attabad-lake,3,luxury,semi_synthetic,1.0.0,20260810
synthetic-luxury-018,bala-hisar,3,luxury,semi_synthetic,1.0.0,20260810
synthetic-luxury-018,karimabad-bazaar,4,luxury,semi_synthetic,1.0.0,20260810
synthetic-luxury-018,rawal-lake,2,luxury,semi_synthetic,1.0.0,20260810
synthetic-luxury-019,burns-road,4,luxury,semi_synthetic,1.0.0,20260810
synthetic-luxury-019,patriata,3,luxury,semi_synthetic,1.0.0,20260810
synthetic-luxury-019,shigar-fort,3,luxury,semi_synthetic,1.0.0,20260810
synthetic-luxury-019,shalimar-gardens,3,luxury,semi_synthetic,1.0.0,20260810
synthetic-luxury-019,margalla-hills,3,luxury,semi_synthetic,1.0.0,20260810
synthetic-luxury-019,passu-cones,2,luxury,semi_synthetic,1.0.0,20260810
synthetic-luxury-019,lahore-fort,3,luxury,semi_synthetic,1.0.0,20260810
synthetic-luxury-019,satpara-lake,4,luxury,semi_synthetic,1.0.0,20260810
synthetic-luxury-019,upper-kachura,3,luxury,semi_synthetic,1.0.0,20260810
synthetic-luxury-019,altit-fort,3,luxury,semi_synthetic,1.0.0,20260810
synthetic-luxury-020,mazar-e-quaid,2,luxury,semi_synthetic,1.0.0,20260810
synthetic-luxury-020,clifton-beach,3,luxury,semi_synthetic,1.0.0,20260810
synthetic-luxury-020,patriata,3,luxury,semi_synthetic,1.0.0,20260810
synthetic-luxury-020,upper-kachura,3,luxury,semi_synthetic,1.0.0,20260810
synthetic-luxury-020,rawal-lake,3,luxury,semi_synthetic,1.0.0,20260810
synthetic-luxury-020,frere-hall,2,luxury,semi_synthetic,1.0.0,20260810
synthetic-luxury-020,karimabad-bazaar,4,luxury,semi_synthetic,1.0.0,20260810
synthetic-luxury-020,lahore-fort,3,luxury,semi_synthetic,1.0.0,20260810
synthetic-luxury-020,mohatta-palace,4,luxury,semi_synthetic,1.0.0,20260810
synthetic-luxury-020,attabad-lake,2,luxury,semi_synthetic,1.0.0,20260810
synthetic-luxury-021,burns-road,5,luxury,semi_synthetic,1.0.0,20260810
synthetic-luxury-021,upper-kachura,3,luxury,semi_synthetic,1.0.0,20260810
synthetic-luxury-021,shalimar-gardens,3,luxury,semi_synthetic,1.0.0,20260810
synthetic-luxury-021,karimabad-bazaar,3,luxury,semi_synthetic,1.0.0,20260810
synthetic-luxury-021,shigar-fort,3,luxury,semi_synthetic,1.0.0,20260810
synthetic-luxury-021,malam-jabba,2,luxury,semi_synthetic,1.0.0,20260810
synthetic-luxury-021,badshahi-mosque,4,luxury,semi_synthetic,1.0.0,20260810
synthetic-luxury-021,mohatta-palace,4,luxury,semi_synthetic,1.0.0,20260810
synthetic-luxury-021,anarkali-bazaar,4,luxury,semi_synthetic,1.0.0,20260810
synthetic-luxury-021,mall-road,4,luxury,semi_synthetic,1.0.0,20260810
synthetic-luxury-022,patriata,4,luxury,semi_synthetic,1.0.0,20260810
synthetic-luxury-022,pakistan-monument,3,luxury,semi_synthetic,1.0.0,20260810
synthetic-luxury-022,cold-desert,3,luxury,semi_synthetic,1.0.0,20260810
synthetic-luxury-022,mazar-e-quaid,2,luxury,semi_synthetic,1.0.0,20260810
synthetic-luxury-022,frere-hall,3,luxury,semi_synthetic,1.0.0,20260810
synthetic-luxury-022,margalla-hills,2,luxury,semi_synthetic,1.0.0,20260810
synthetic-luxury-022,burns-road,4,luxury,semi_synthetic,1.0.0,20260810
synthetic-luxury-022,altit-fort,3,luxury,semi_synthetic,1.0.0,20260810
synthetic-luxury-022,shigar-fort,3,luxury,semi_synthetic,1.0.0,20260810
synthetic-luxury-022,lahore-fort,3,luxury,semi_synthetic,1.0.0,20260810
synthetic-luxury-023,mall-road,4,luxury,semi_synthetic,1.0.0,20260810
synthetic-luxury-023,bala-hisar,3,luxury,semi_synthetic,1.0.0,20260810
synthetic-luxury-023,badshahi-mosque,3,luxury,semi_synthetic,1.0.0,20260810
synthetic-luxury-023,satpara-lake,2,luxury,semi_synthetic,1.0.0,20260810
synthetic-luxury-023,pakistan-monument,4,luxury,semi_synthetic,1.0.0,20260810
synthetic-luxury-023,frere-hall,3,luxury,semi_synthetic,1.0.0,20260810
synthetic-luxury-023,shalimar-gardens,3,luxury,semi_synthetic,1.0.0,20260810
synthetic-luxury-023,mohatta-palace,4,luxury,semi_synthetic,1.0.0,20260810
synthetic-luxury-023,lok-virsa,3,luxury,semi_synthetic,1.0.0,20260810
synthetic-luxury-023,shigar-fort,3,luxury,semi_synthetic,1.0.0,20260810
synthetic-luxury-024,attabad-lake,3,luxury,semi_synthetic,1.0.0,20260810
synthetic-luxury-024,peshawar-museum,5,luxury,semi_synthetic,1.0.0,20260810
synthetic-luxury-024,lahore-fort,3,luxury,semi_synthetic,1.0.0,20260810
synthetic-luxury-024,clifton-beach,2,luxury,semi_synthetic,1.0.0,20260810
synthetic-luxury-024,shigar-fort,3,luxury,semi_synthetic,1.0.0,20260810
synthetic-luxury-024,rawal-lake,3,luxury,semi_synthetic,1.0.0,20260810
synthetic-luxury-024,passu-cones,3,luxury,semi_synthetic,1.0.0,20260810
synthetic-luxury-024,badshahi-mosque,3,luxury,semi_synthetic,1.0.0,20260810
synthetic-luxury-024,malam-jabba,2,luxury,semi_synthetic,1.0.0,20260810
synthetic-luxury-024,lok-virsa,3,luxury,semi_synthetic,1.0.0,20260810
synthetic-luxury-025,upper-kachura,2,luxury,semi_synthetic,1.0.0,20260810
synthetic-luxury-025,anarkali-bazaar,3,luxury,semi_synthetic,1.0.0,20260810
synthetic-luxury-025,faisal-mosque,4,luxury,semi_synthetic,1.0.0,20260810
synthetic-luxury-025,malam-jabba,3,luxury,semi_synthetic,1.0.0,20260810
synthetic-luxury-025,shigar-fort,3,luxury,semi_synthetic,1.0.0,20260810
synthetic-luxury-025,bala-hisar,3,luxury,semi_synthetic,1.0.0,20260810
synthetic-luxury-025,mall-road,5,luxury,semi_synthetic,1.0.0,20260810
synthetic-luxury-025,shalimar-gardens,2,luxury,semi_synthetic,1.0.0,20260810
synthetic-luxury-025,frere-hall,3,luxury,semi_synthetic,1.0.0,20260810
synthetic-luxury-025,swat-museum,4,luxury,semi_synthetic,1.0.0,20260810
synthetic-luxury-026,passu-cones,3,luxury,semi_synthetic,1.0.0,20260810
synthetic-luxury-026,satpara-lake,3,luxury,semi_synthetic,1.0.0,20260810
synthetic-luxury-026,clifton-beach,3,luxury,semi_synthetic,1.0.0,20260810
synthetic-luxury-026,cold-desert,3,luxury,semi_synthetic,1.0.0,20260810
synthetic-luxury-026,bala-hisar,3,luxury,semi_synthetic,1.0.0,20260810
synthetic-luxury-026,badshahi-mosque,2,luxury,semi_synthetic,1.0.0,20260810
synthetic-luxury-026,attabad-lake,3,luxury,semi_synthetic,1.0.0,20260810
synthetic-luxury-026,margalla-hills,3,luxury,semi_synthetic,1.0.0,20260810
synthetic-luxury-026,lahore-fort,3,luxury,semi_synthetic,1.0.0,20260810
synthetic-luxury-026,anarkali-bazaar,4,luxury,semi_synthetic,1.0.0,20260810
synthetic-luxury-027,mall-road,5,luxury,semi_synthetic,1.0.0,20260810
synthetic-luxury-027,mohatta-palace,4,luxury,semi_synthetic,1.0.0,20260810
synthetic-luxury-027,margalla-hills,3,luxury,semi_synthetic,1.0.0,20260810
synthetic-luxury-027,mazar-e-quaid,2,luxury,semi_synthetic,1.0.0,20260810
synthetic-luxury-027,peshawar-museum,4,luxury,semi_synthetic,1.0.0,20260810
synthetic-luxury-027,passu-cones,3,luxury,semi_synthetic,1.0.0,20260810
synthetic-luxury-027,swat-museum,4,luxury,semi_synthetic,1.0.0,20260810
synthetic-luxury-027,shalimar-gardens,3,luxury,semi_synthetic,1.0.0,20260810
synthetic-luxury-027,badshahi-mosque,3,luxury,semi_synthetic,1.0.0,20260810
synthetic-luxury-027,clifton-beach,3,luxury,semi_synthetic,1.0.0,20260810
synthetic-luxury-028,rawal-lake,2,luxury,semi_synthetic,1.0.0,20260810
synthetic-luxury-028,lahore-fort,3,luxury,semi_synthetic,1.0.0,20260810
synthetic-luxury-028,patriata,2,luxury,semi_synthetic,1.0.0,20260810
synthetic-luxury-028,lok-virsa,3,luxury,semi_synthetic,1.0.0,20260810
synthetic-luxury-028,satpara-lake,3,luxury,semi_synthetic,1.0.0,20260810
synthetic-luxury-028,pakistan-monument,5,luxury,semi_synthetic,1.0.0,20260810
synthetic-luxury-028,anarkali-bazaar,5,luxury,semi_synthetic,1.0.0,20260810
synthetic-luxury-028,baltit-fort,2,luxury,semi_synthetic,1.0.0,20260810
synthetic-luxury-028,altit-fort,3,luxury,semi_synthetic,1.0.0,20260810
synthetic-luxury-028,bala-hisar,3,luxury,semi_synthetic,1.0.0,20260810
synthetic-luxury-029,margalla-hills,3,luxury,semi_synthetic,1.0.0,20260810
synthetic-luxury-029,attabad-lake,2,luxury,semi_synthetic,1.0.0,20260810
synthetic-luxury-029,clifton-beach,3,luxury,semi_synthetic,1.0.0,20260810
synthetic-luxury-029,malam-jabba,3,luxury,semi_synthetic,1.0.0,20260810
synthetic-luxury-029,shalimar-gardens,3,luxury,semi_synthetic,1.0.0,20260810
synthetic-luxury-029,baltit-fort,3,luxury,semi_synthetic,1.0.0,20260810
synthetic-luxury-029,mazar-e-quaid,3,luxury,semi_synthetic,1.0.0,20260810
synthetic-luxury-029,satpara-lake,2,luxury,semi_synthetic,1.0.0,20260810
synthetic-luxury-029,karimabad-bazaar,3,luxury,semi_synthetic,1.0.0,20260810
synthetic-luxury-029,burns-road,4,luxury,semi_synthetic,1.0.0,20260810
synthetic-luxury-030,mohatta-palace,4,luxury,semi_synthetic,1.0.0,20260810
synthetic-luxury-030,bala-hisar,3,luxury,semi_synthetic,1.0.0,20260810
synthetic-luxury-030,rawal-lake,3,luxury,semi_synthetic,1.0.0,20260810
synthetic-luxury-030,peshawar-museum,4,luxury,semi_synthetic,1.0.0,20260810
synthetic-luxury-030,attabad-lake,3,luxury,semi_synthetic,1.0.0,20260810
synthetic-luxury-030,shalimar-gardens,2,luxury,semi_synthetic,1.0.0,20260810
synthetic-luxury-030,satpara-lake,2,luxury,semi_synthetic,1.0.0,20260810
synthetic-luxury-030,anarkali-bazaar,5,luxury,semi_synthetic,1.0.0,20260810
synthetic-luxury-030,shigar-fort,2,luxury,semi_synthetic,1.0.0,20260810
synthetic-luxury-030,frere-hall,3,luxury,semi_synthetic,1.0.0,20260810
synthetic-luxury-031,passu-cones,3,luxury,semi_synthetic,1.0.0,20260810
synthetic-luxury-031,faisal-mosque,2,luxury,semi_synthetic,1.0.0,20260810
synthetic-luxury-031,lahore-museum,4,luxury,semi_synthetic,1.0.0,20260810
synthetic-luxury-031,upper-kachura,3,luxury,semi_synthetic,1.0.0,20260810
synthetic-luxury-031,shalimar-gardens,2,luxury,semi_synthetic,1.0.0,20260810
synthetic-luxury-031,badshahi-mosque,4,luxury,semi_synthetic,1.0.0,20260810
synthetic-luxury-031,lahore-fort,3,luxury,semi_synthetic,1.0.0,20260810
synthetic-luxury-031,shigar-fort,3,luxury,semi_synthetic,1.0.0,20260810
synthetic-luxury-031,anarkali-bazaar,4,luxury,semi_synthetic,1.0.0,20260810
synthetic-luxury-031,burns-road,4,luxury,semi_synthetic,1.0.0,20260810
synthetic-luxury-032,badshahi-mosque,2,luxury,semi_synthetic,1.0.0,20260810
synthetic-luxury-032,patriata,2,luxury,semi_synthetic,1.0.0,20260810
synthetic-luxury-032,clifton-beach,3,luxury,semi_synthetic,1.0.0,20260810
synthetic-luxury-032,rawal-lake,2,luxury,semi_synthetic,1.0.0,20260810
synthetic-luxury-032,mazar-e-quaid,3,luxury,semi_synthetic,1.0.0,20260810
synthetic-luxury-032,anarkali-bazaar,4,luxury,semi_synthetic,1.0.0,20260810
synthetic-luxury-032,karimabad-bazaar,4,luxury,semi_synthetic,1.0.0,20260810
synthetic-luxury-032,lahore-fort,3,luxury,semi_synthetic,1.0.0,20260810
synthetic-luxury-032,attabad-lake,3,luxury,semi_synthetic,1.0.0,20260810
synthetic-luxury-032,lok-virsa,4,luxury,semi_synthetic,1.0.0,20260810
synthetic-luxury-033,lok-virsa,3,luxury,semi_synthetic,1.0.0,20260810
synthetic-luxury-033,lahore-museum,4,luxury,semi_synthetic,1.0.0,20260810
synthetic-luxury-033,peshawar-museum,4,luxury,semi_synthetic,1.0.0,20260810
synthetic-luxury-033,altit-fort,2,luxury,semi_synthetic,1.0.0,20260810
synthetic-luxury-033,clifton-beach,2,luxury,semi_synthetic,1.0.0,20260810
synthetic-luxury-033,baltit-fort,3,luxury,semi_synthetic,1.0.0,20260810
synthetic-luxury-033,margalla-hills,3,luxury,semi_synthetic,1.0.0,20260810
synthetic-luxury-033,shigar-fort,3,luxury,semi_synthetic,1.0.0,20260810
synthetic-luxury-033,mohatta-palace,4,luxury,semi_synthetic,1.0.0,20260810
synthetic-luxury-033,pakistan-monument,4,luxury,semi_synthetic,1.0.0,20260810
synthetic-luxury-034,peshawar-museum,4,luxury,semi_synthetic,1.0.0,20260810
synthetic-luxury-034,bala-hisar,3,luxury,semi_synthetic,1.0.0,20260810
synthetic-luxury-034,upper-kachura,3,luxury,semi_synthetic,1.0.0,20260810
synthetic-luxury-034,mall-road,4,luxury,semi_synthetic,1.0.0,20260810
synthetic-luxury-034,shigar-fort,3,luxury,semi_synthetic,1.0.0,20260810
synthetic-luxury-034,malam-jabba,3,luxury,semi_synthetic,1.0.0,20260810
synthetic-luxury-034,baltit-fort,3,luxury,semi_synthetic,1.0.0,20260810
synthetic-luxury-034,passu-cones,3,luxury,semi_synthetic,1.0.0,20260810
synthetic-luxury-034,badshahi-mosque,3,luxury,semi_synthetic,1.0.0,20260810
synthetic-luxury-034,margalla-hills,3,luxury,semi_synthetic,1.0.0,20260810
synthetic-luxury-035,frere-hall,3,luxury,semi_synthetic,1.0.0,20260810
synthetic-luxury-035,mazar-e-quaid,3,luxury,semi_synthetic,1.0.0,20260810
synthetic-luxury-035,karimabad-bazaar,5,luxury,semi_synthetic,1.0.0,20260810
synthetic-luxury-035,lok-virsa,4,luxury,semi_synthetic,1.0.0,20260810
synthetic-luxury-035,attabad-lake,2,luxury,semi_synthetic,1.0.0,20260810
synthetic-luxury-035,baltit-fort,2,luxury,semi_synthetic,1.0.0,20260810
synthetic-luxury-035,faisal-mosque,2,luxury,semi_synthetic,1.0.0,20260810
synthetic-luxury-035,altit-fort,3,luxury,semi_synthetic,1.0.0,20260810
synthetic-luxury-035,anarkali-bazaar,4,luxury,semi_synthetic,1.0.0,20260810
synthetic-luxury-035,patriata,3,luxury,semi_synthetic,1.0.0,20260810
synthetic-luxury-036,attabad-lake,3,luxury,semi_synthetic,1.0.0,20260810
synthetic-luxury-036,shigar-fort,3,luxury,semi_synthetic,1.0.0,20260810
synthetic-luxury-036,satpara-lake,3,luxury,semi_synthetic,1.0.0,20260810
synthetic-luxury-036,lok-virsa,4,luxury,semi_synthetic,1.0.0,20260810
synthetic-luxury-036,malam-jabba,2,luxury,semi_synthetic,1.0.0,20260810
synthetic-luxury-036,margalla-hills,2,luxury,semi_synthetic,1.0.0,20260810
synthetic-luxury-036,swat-museum,4,luxury,semi_synthetic,1.0.0,20260810
synthetic-luxury-036,baltit-fort,3,luxury,semi_synthetic,1.0.0,20260810
synthetic-luxury-036,lahore-fort,4,luxury,semi_synthetic,1.0.0,20260810
synthetic-luxury-036,peshawar-museum,3,luxury,semi_synthetic,1.0.0,20260810
synthetic-luxury-037,shigar-fort,3,luxury,semi_synthetic,1.0.0,20260810
synthetic-luxury-037,upper-kachura,2,luxury,semi_synthetic,1.0.0,20260810
synthetic-luxury-037,swat-museum,4,luxury,semi_synthetic,1.0.0,20260810
synthetic-luxury-037,altit-fort,3,luxury,semi_synthetic,1.0.0,20260810
synthetic-luxury-037,clifton-beach,2,luxury,semi_synthetic,1.0.0,20260810
synthetic-luxury-037,margalla-hills,4,luxury,semi_synthetic,1.0.0,20260810
synthetic-luxury-037,lok-virsa,3,luxury,semi_synthetic,1.0.0,20260810
synthetic-luxury-037,burns-road,3,luxury,semi_synthetic,1.0.0,20260810
synthetic-luxury-037,pakistan-monument,4,luxury,semi_synthetic,1.0.0,20260810
synthetic-luxury-037,shalimar-gardens,3,luxury,semi_synthetic,1.0.0,20260810
synthetic-luxury-038,cold-desert,3,luxury,semi_synthetic,1.0.0,20260810
synthetic-luxury-038,altit-fort,3,luxury,semi_synthetic,1.0.0,20260810
synthetic-luxury-038,karimabad-bazaar,5,luxury,semi_synthetic,1.0.0,20260810
synthetic-luxury-038,pakistan-monument,4,luxury,semi_synthetic,1.0.0,20260810
synthetic-luxury-038,lahore-fort,3,luxury,semi_synthetic,1.0.0,20260810
synthetic-luxury-038,shigar-fort,3,luxury,semi_synthetic,1.0.0,20260810
synthetic-luxury-038,patriata,3,luxury,semi_synthetic,1.0.0,20260810
synthetic-luxury-038,upper-kachura,3,luxury,semi_synthetic,1.0.0,20260810
synthetic-luxury-038,mazar-e-quaid,2,luxury,semi_synthetic,1.0.0,20260810
synthetic-luxury-038,faisal-mosque,2,luxury,semi_synthetic,1.0.0,20260810
synthetic-luxury-039,satpara-lake,2,luxury,semi_synthetic,1.0.0,20260810
synthetic-luxury-039,clifton-beach,3,luxury,semi_synthetic,1.0.0,20260810
synthetic-luxury-039,malam-jabba,3,luxury,semi_synthetic,1.0.0,20260810
synthetic-luxury-039,rawal-lake,3,luxury,semi_synthetic,1.0.0,20260810
synthetic-luxury-039,shigar-fort,3,luxury,semi_synthetic,1.0.0,20260810
synthetic-luxury-039,anarkali-bazaar,4,luxury,semi_synthetic,1.0.0,20260810
synthetic-luxury-039,pakistan-monument,4,luxury,semi_synthetic,1.0.0,20260810
synthetic-luxury-039,mall-road,4,luxury,semi_synthetic,1.0.0,20260810
synthetic-luxury-039,margalla-hills,2,luxury,semi_synthetic,1.0.0,20260810
synthetic-luxury-039,lahore-museum,3,luxury,semi_synthetic,1.0.0,20260810
